Shabbona,1454,742,712,1446,4,4,4,0,0,24,1430,58125,49.6,146266.5,0,0,0,0,0,0,0,0,41.7680851,-88.8770311
Martinton,825,444,381,808,8,7,2,0,13,29,796,70179,48.4,98836.17,0,0,0,0,0,0,0,0,40.9158671,-87.7253124
Altona,937,497,440,902,32,0,6,0,0,16,921,54965,37,73854,0,0,0,0,0,0,0,0,41.1147594,-90.1645637
Aurora,41802.8,20875.2,20927.6,25227,5089.6,553.6,3328.8,79.2,9099.4,18531.4,23271.4,83248,34.18,226807.6,4,68,94,372,319,1860,122,9,41.7605849,-88.3200715
Wilmington,11540,5857,5683,10974,120,167,121,10,309,736,10804,61090,46.5,156914.58,0,0,0,0,0,0,0,0,39.4806831,-90.4867659
Monroe Center,821,439,382,817,4,3,2,0,3,38,783,60000,55.7,135669.67,0,0,0,0,0,0,0,0,42.0983583,-89.000655
Colona,6827,3532,3295,6798,304,29,33,0,14,829,5998,64552,42.4,127835.17,0,0,0,0,0,0,0,0,41.4839233,-90.3531827
Dwight,4812,2485,2327,4736,92,0,38,0,8,124,4688,62669,45.5,115473,0,0,2,3,1,30,7,0,41.0944767,-88.4250597
Port Byron,4750,2396,2354,4561,66,93,82,0,216,278,4472,68774,41.3,208954.33,0,0,0,0,0,0,0,0,41.6064219,-90.3354061
Pesotum,806,390,416,781,1,9,16,82,11,93,713,69750,44.7,129452.58,0,0,0,0,0,0,0,0,39.9147532,-88.2733827
Schiller Park,11704,6071,5633,9788,156,510,838,0,1177,2894,8810,54617,40.8,235667.5,0,2,6,9,18,178,23,1,41.9558637,-87.8708965
Kempton,445,204,241,439,0,6,0,0,0,1,444,55714,37.6,55753.75,0,0,0,0,0,0,0,0,40.9355888,-88.237273
Orangeville,1425,804,621,1418,0,0,1,0,6,9,1416,50893,43.5,117099.42,0,0,0,0,0,0,0,0,42.4683453,-89.6440073
Gardner,2465,1257,1208,2412,6,2,38,0,7,150,2315,62237,44.9,138133.08,0,0,0,0,0,0,0,0,41.1855879,-88.3097828
Park Forest,21989,10285,11704,6654,14967,213,130,0,866,1153,20836,51324,38.7,79485.33,1,4,24,32,75,218,51,7,41.4914236,-87.6744891
Maple Park,4024,1974,2050,3933,81,27,37,0,21,131,3893,89205,42.7,255532.33,0,1,0,0,2,6,0,0,41.9075282,-88.5992494
Oak Brook,10136,4653,5483,7043,340,65,2808,0,115,364,9772,103464,58.7,799323.25,0,3,3,4,22,514,16,0,41.8328085,-87.9289504
Gifford,1239,627,612,1216,21,2,0,0,0,25,1214,74792,42.8,135050.33,0,0,0,0,0,3,0,0,40.305868,-88.0211489
Matherville,743,359,384,730,0,2,17,0,1,81,662,59750,33.6,76926.67,0,0,0,0,0,0,0,0,41.2597571,-90.6079133
Elburn,10246,4863,5383,9623,357,118,279,0,46,1193,9053,104516,41,297940.83,0,0,0,0,6,7,0,0,41.8922499,-88.4723014
Shorewood,18796,8945,9851,16550,1081,127,822,0,858,2277,16519,101911,41.5,259544.67,0,6,1,7,9,88,4,1,41.5200305,-88.2017293
Danvers,2057,1034,1023,2035,35,26,37,0,0,10,2047,83750,39.6,137779.67,0,0,0,0,0,2,0,0,40.5294818,-89.1773055
Minonk,2519,1213,1306,2472,34,0,16,0,27,39,2480,65208,40.3,79760.17,0,0,0,0,2,15,3,0,40.9044778,-89.0345224
Melrose Park,23506,11994.5,11511.5,15897,1151.5,196,351.5,6.5,6319.5,16107.5,7398.5,55381,35,202663.835,0,7,27,51,68,176,72,4,41.9005865,-87.8567277
Savanna,4188,2005,2183,3973,159,22,67,0,38,205,3983,42969,48.2,57082.92,0,3,0,11,28,66,4,1,42.0944672,-90.1567944
Lena,3876,1966,1910,3840,26,0,10,0,16,73,3803,53455,48.7,118058.08,0,0,0,0,0,0,0,0,42.3794586,-89.8223426
Crete,15225,7529,7696,10203,4551,108,170,0,576,1101,14124,69491,48.6,181169.83,0,2,1,14,16,108,8,1,41.4444791,-87.6314312
Berkeley,5161,2585,2576,2787,1491,70,210,57,651,1906,3255,64934,40.3,199046,0,1,1,3,6,40,3,0,41.8889194,-87.9033956
Heyworth,4614,2343,2271,4555,66,14,107,64,11,103,4511,78565,36,163030.58,0,0,0,0,0,0,0,0,40.3133698,-88.9736901
Bushnell,3164,1651,1513,3101,31,8,28,0,0,0,3164,44981,43.1,58177.92,0,0,0,0,0,0,0,0,40.5528183,-90.50624
New Lenox,34945,17167,17778,34238,340,91,372,29,335,2296,32649,108154,38.7,291395.25,0,13,7,15,17,272,10,1,41.5119761,-87.9656098
Peoria,16038,7721,8317,10217,5723.66666666667,190,305,4,545.666666666667,1050.66666666667,14987.3333333333,33312.6666666667,37.4666666666667,60331.0266666667,22,68,201,569,890,3197,422,50,40.6936488,-89.5889864
Buffalo Grove,41392,20239,21153,30252,1130,350,9397,88,1042,2260,39132,111548,41.8,343322.25,0,2,1,4,42,216,10,0,42.1514146,-87.959794
Fairmount,1341,653,688,1337,3,6,1,0,0,14,1327,63417,39.3,102486.08,0,0,0,0,0,3,0,0,40.0455911,-87.8305838
Sibley,413,240,173,413,3,0,0,0,0,3,410,46250,43.3,68746.33,0,0,0,0,0,0,0,0,40.5869788,-88.3811648
Chadwick,1289,626,663,1286,10,0,8,8,3,28,1261,55481,36.1,96161.58,0,0,0,0,0,0,0,0,42.0133599,-89.8906765
Oakwood,3017,1404,1613,2940,18,6,19,0,40,88,2929,60068,44.5,108128,0,1,0,0,5,8,0,0,40.1161471,-87.7783592
Pekin,42059,20686,21373,40945,975,381,310,52,162,879,41180,53504,40.8,91370.58,0,0,0,0,0,0,0,0,40.5675388,-89.640658
Macomb,20698,9693,11005,18433,1761,167,762,61,127,754,19944,42013,27.9,93144.67,1,19,2,34,36,185,7,1,40.4592076,-90.6717971
London Mills,590,302,288,590,0,16,0,0,0,0,590,51875,44,58828.92,0,0,0,0,0,0,0,0,40.7105947,-90.2662355
Bradford,1300,667,633,1274,24,0,7,0,2,25,1275,55417,44.4,70070.33,0,0,0,0,0,0,0,0,41.1772594,-89.6575977
Rockford,22782.875,11100.125,11682.75,16967.5,4810,259.375,853,28.625,722.625,3792.25,18990.625,47194.25,38.85,81310.4375,23,133,346,1525,1169,3752,447,64,42.2711311,-89.0939952
Harvard,13681,6752,6929,12903,174,72,10,41,772,5605,8076,58264,34.1,168602.08,0,3,0,5,4,58,2,0,42.422241,-88.6137101
Calumet City,36955,16050,20905,8642,27669,348,82,39,596,5596,31359,42718,37.1,100661.42,5,36,107,39,205,586,189,4,41.6155909,-87.5294871
Bolingbrook,37224,18546,18678,19590,8197.5,234,5099.5,23,6109,9471.5,27752.5,97642.5,35.3,244200.625,1,23,17,71,60,477,55,3,41.6986416,-88.0683955
Wheaton,30067.5,14750,15317.5,26616,1517,181,2306.5,112.5,293,1733,28334.5,101130,37.75,375121.915,0,16,8,15,64,554,11,2,41.8661403,-88.1070127
Tremont,4223,2116,2107,4121,10,19,98,0,7,58,4165,80220,36.6,159174,0,0,0,0,0,0,0,0,40.5275392,-89.4925979
Lincolnshire,8186,3900,4286,7216,95,5,978,0,40,237,7949,102632,53.3,482420.08,0,0,0,0,0,0,0,0,42.1900249,-87.9084039
Union Hill,58,33,25,58,0,0,0,0,0,0,58,62188,24.5,125272,0,0,0,0,0,0,0,0,41.1075321,-88.1467188
Saint David,519,264,255,519,0,2,0,0,0,1,518,43250,39.3,42482.25,0,0,0,0,0,0,0,0,40.4933728,-90.0487284
Joy,1062,474,588,1053,0,3,0,0,8,18,1044,45750,41.7,70064.17,0,0,0,0,0,0,0,0,41.1967002,-90.8804201
Forreston,2302,1133,1169,2231,66,3,82,0,11,101,2201,53906,37.4,84495.17,0,0,0,0,0,0,0,0,42.1261367,-89.5792801
Sheffield,1117,521,596,1103,23,6,7,0,2,47,1070,52813,45.6,80630.92,0,0,0,0,0,0,0,0,41.3583693,-89.7373226
Palos Hills,17473,7986,9487,16101,978,32,432,0,326,1515,15958,59104,40.9,257719.25,0,2,3,13,8,68,8,0,41.6966992,-87.8169984
La Salle,10088,5116,4972,9410,159,2,124,17,509,1887,8201,47692,38.2,89976.75,0,0,0,0,9,92,2,0,41.3333679,-89.0917497
Hopedale,1479,719,760,1475,7,8,0,0,2,17,1462,77578,46.4,124495.67,0,0,0,0,0,0,0,0,40.4208735,-89.4145404
Maywood,23810,11498,12312,4044,16391,355,213,0,3371,6510,17300,48600,36.4,163066.75,4,20,57,54,120,345,105,4,41.8791979,-87.8431155
Peotone,6044,3186,2858,5878,68,106,12,13,76,429,5615,83414,40.6,196398.5,0,2,0,1,4,19,0,0,41.3322554,-87.7853217
Palos Park,9715,4495,5220,9069,196,42,369,0,295,769,8946,87621,50.8,382623.92,0,0,0,0,4,57,2,0,41.6672547,-87.8303316
Davis,3244,1624,1620,3205,27,33,16,0,0,5,3239,67443,47.7,153799.5,0,0,0,0,0,0,0,0,42.4225149,-89.4137259
Cisco,337,178,159,336,3,14,0,0,0,0,337,59091,48.3,100808.08,0,0,0,0,0,0,0,0,40.0114248,-88.7261827
Rock City,1503,768,735,1479,2,40,16,0,0,0,1503,61364,41.3,136188.75,0,0,0,0,0,0,0,0,42.4133485,-89.468171
Lindenwood,560,277,283,548,18,6,4,0,0,12,548,59231,39,148982.67,0,0,0,0,0,0,0,0,42.0530821,-89.0306545
Belvidere,34292,16669,17623,29978,1034,368,590,100,3375,9254,25038,58709,38.5,147535.42,0,18,2,40,51,206,13,1,42.2639098,-88.8442674
North Aurora,18125,8825,9300,14704,1001,131,1359,0,1510,2848,15277,81947,39.2,249044.08,0,6,4,14,14,220,6,1,41.8061399,-88.3272952
Farmington,3335,1647,1688,3274,0,38,77,0,8,77,3258,56528,40.9,84009.17,0,1,0,5,6,21,0,0,40.6980933,-90.0059483
Warrenville,13448,6775,6673,11813,726,45,841,9,365,2537,10911,82106,37.4,236812.17,0,6,2,5,11,92,5,0,41.817807,-88.1734021
Atkinson,1519,702,817,1509,4,18,5,0,0,13,1506,58636,40.1,118251.17,0,0,0,0,0,0,0,0,41.4208678,-90.0151121
Yates City,1191,589,602,1186,32,20,0,0,0,0,1191,56607,45.2,87263.75,0,1,0,0,1,7,0,0,40.7786485,-90.0148371
Armington,592,307,285,588,0,10,4,0,0,15,577,71111,46.8,79991,0,0,0,0,0,0,0,0,40.3389293,-89.3114813
Steger,9674,4819,4855,6482,2517,111,140,40,687,1491,8183,47516,40.9,81217.42,0,5,6,14,48,185,14,1,41.4700348,-87.636432
Willow Springs,5370,2540,2830,4789,183,78,324,0,155,869,4501,83505,44.8,292643.17,0,0,0,4,5,26,0,0,41.7408652,-87.8603343
Yorkville,24886,12460,12426,21503,1883,120,849,0,1193,3049,21837,95878,35.5,253435.08,0,8,3,7,17,178,5,2,41.6411409,-88.4472948
Cuba,2192,1073,1119,2122,92,0,0,0,5,15,2177,58641,47.2,83438.5,0,0,0,0,0,0,0,0,40.4928181,-90.1906768
Abingdon,3892,1731,2161,3865,55,62,0,0,0,39,3853,44570,39.4,59676.67,0,0,0,0,0,0,0,0,40.8044833,-90.4017954
Polo,3640,1902,1738,3535,27,27,32,0,39,125,3515,57525,44.1,88212.33,0,0,0,0,0,0,0,0,41.986141,-89.5792782
Morrison,7007,3488,3519,6923,41,0,88,8,24,86,6921,57250,46.2,109525,0,2,0,8,12,48,1,0,41.809751,-89.9651186
Onarga,1614,840,774,1322,37,0,6,0,264,474,1140,55486,41.6,80316.92,0,0,0,2,6,5,1,0,40.715035,-88.0061509
Justice,15288,7105,8183,11405,3033,26,422,7,863,3310,11978,50371,32,211607.25,0,1,2,4,4,21,4,0,41.7444765,-87.8378337
Matteson,21554,9874,11680,4938,16210,192,499,24,335,1091,20463,73544,42.8,168761.58,0,0,0,0,0,0,0,0,41.5039235,-87.7131018
Milledgeville,1688,937,751,1670,66,28,0,0,6,81,1607,58315,40.1,91543.08,0,0,0,1,4,5,0,0,41.9633615,-89.7745604
Maquon,669,341,328,669,0,0,0,0,0,21,648,56354,54.3,72276.75,0,0,0,0,0,0,0,0,40.798927,-90.1656764
Aledo,5213,2527,2686,5118,54,10,58,0,11,80,5133,53859,46.8,94422.17,0,0,0,0,3,23,0,0,41.1997568,-90.7493063
Machesney Park,22574,11105,11469,21297,729,128,630,31,493,1340,21234,60213,38.9,115334.75,0,15,7,35,57,341,18,1,42.3472406,-89.0389956
Hampton,1962,1006,956,1886,116,0,7,0,3,139,1823,68485,40.2,141194.75,0,0,0,2,3,5,1,0,41.5558667,-90.4092971
Fox Lake,9827,4482,5345,9312,135,35,215,0,256,854,8973,57518,42.7,165690.42,0,4,3,10,33,215,8,0,42.3966874,-88.1836965
Leonore,77,39,38,71,0,0,0,0,6,6,71,66250,38.8,61663.83,0,0,0,0,0,0,0,0,41.1894788,-88.9806354
Hillside,8165,3855,4310,2797,3943,58,82,0,1475,2586,5579,53728,40.2,196001.5,0,0,0,0,0,0,0,0,41.8778084,-87.9028398
Marietta,385,210,175,359,26,1,0,0,0,1,384,72992,56.2,47679.42,0,0,0,0,0,0,0,0,40.5011518,-90.3926259
Braidwood,5649,3049,2600,5610,54,114,7,0,13,258,5391,65559,39.3,162155.67,0,5,0,6,9,33,3,2,41.2650318,-88.2122823
Elizabeth,2051,1018,1033,2024,17,4,2,6,18,15,2036,49189,50.4,117983.25,0,0,0,0,1,4,0,0,42.3177911,-90.221517
Beaverville,521,280,241,487,20,2,1,0,11,12,509,45313,49.5,64777.42,0,0,0,0,0,0,0,0,40.954478,-87.6544781
Fairview,658,326,332,647,5,0,0,6,0,32,626,72188,44.3,71535,0,0,0,0,0,0,0,0,40.6333724,-90.1637318
Roberts,645,355,290,632,10,3,0,0,8,22,623,42083,38.1,48876.58,0,0,0,0,0,0,0,0,40.6128127,-88.1833798
Creston,339,165,174,284,12,4,5,4,39,67,272,60156,35.5,113327.92,0,0,0,0,0,0,0,0,41.9308618,-88.9645382
Mokena,26710,13600,13110,25650,377,129,675,22,376,1498,25212,104327,40.4,293471.75,0,2,4,5,31,240,24,0,41.5261437,-87.8892189
Rio,517,293,224,506,10,0,3,0,0,37,480,72727,56.3,106608.17,0,0,0,0,0,0,0,0,41.1092036,-90.399851
East Dubuque,4645,2525,2120,4563,58,6,49,12,10,25,4620,62208,43.1,151943.58,0,0,1,2,3,13,1,0,42.4922253,-90.6429054
Minooka,14220,6775,7445,13204,355,34,177,17,666,2395,11825,75485,33.8,212605.75,0,0,0,0,0,0,0,0,41.4553084,-88.2617305
Garden Prairie,1149,638,511,1149,0,0,0,0,0,76,1073,79598,50.3,194221.08,0,0,0,0,0,0,0,0,42.25083426,-88.71988959
Peoria Heights,5910,2746,3164,5577,734,54,22,0,19,102,5808,44037,36.3,71437.58,0,7,0,11,21,49,20,0,40.7472594,-89.5739845
Willowbrook,27903,13561,14342,21810,2324,0,4310,0,153,1371,26532,94060,46.6,527717.67,0,0,0,0,0,0,0,0,41.457813,-87.5364288
Atlanta,2595,1322,1273,2568,2,124,12,0,20,118,2477,64453,40.1,107938.92,0,0,0,0,0,0,0,0,40.2594846,-89.2334236
Monee,9400,4498,4902,7323,1559,0,354,0,405,785,8615,74568,44.4,206345.08,0,0,0,0,0,0,0,0,41.420034,-87.7417115
Andalusia,1229,632,597,1209,27,3,0,0,3,10,1219,64500,48,121353.75,0,0,0,0,0,0,0,0,41.4391986,-90.717641
Muncie,195,106,89,195,0,0,0,0,0,0,195,32500,37.9,63831.33,0,0,0,0,0,0,0,0,40.1155911,-87.844751
Lyndon,934,497,437,919,0,0,3,0,14,16,918,44792,37.8,81336.58,0,0,0,0,0,0,0,0,41.7175302,-89.9259481
Industry,690,350,340,686,0,8,0,0,4,8,682,64063,44,54621.25,0,0,0,0,0,0,0,0,40.3278211,-90.607073
West Brooklyn,333,176,157,333,0,0,0,0,0,2,331,47000,59.2,124353.5,0,0,0,0,0,0,0,0,41.6928094,-89.1470351
South Wilmington,986,506,480,986,0,7,3,0,0,53,933,69688,36.7,119989.08,0,0,0,0,0,0,0,0,41.17281,-88.276726
South Pekin,962,440,522,959,6,2,3,0,0,3,959,49934,32.8,71325.67,0,0,0,0,9,24,3,0,40.4944838,-89.6517711
Cambridge,3534,1871,1663,3414,80,20,10,0,10,45,3489,62132,42,109904.17,0,0,0,2,1,6,0,0,41.3036472,-90.1928971
Berwyn,63554,31612,31942,37987,4595,612,2431,65,19998,39477,24077,60814,35.5,226024.58,1,54,54,82,99,629,90,6,41.8505874,-87.7936685
Cordova,1208,635,573,1192,12,0,0,0,6,23,1185,69867,52.4,140774.08,0,0,0,0,0,0,0,0,41.6803099,-90.319018
Seneca,3678,1870,1808,3661,4,5,25,0,0,219,3459,71198,35.6,167446,0,0,0,13,8,32,0,0,41.3111442,-88.6097936
Indianola,418,212,206,416,10,0,0,0,0,2,416,53929,44.8,54744.75,0,0,0,0,0,0,0,0,39.927258,-87.740025
Rankin,1092,574,518,1072,6,8,0,0,17,98,994,56683,42.5,46764.67,0,0,0,0,0,0,0,0,40.4650357,-87.8964219
Bonfield,1409,726,683,1338,31,72,2,0,8,41,1368,72266,53,203333.42,0,0,0,0,0,0,0,0,41.1466986,-88.0578276
Anchor,201,106,95,201,0,0,0,0,0,0,201,60625,30.1,84136.58,0,0,0,0,0,0,0,0,40.5680898,-88.5356146
Harmon,605,321,284,578,10,0,5,0,17,20,585,49318,46,108810.42,0,0,0,0,0,0,0,0,41.722811,-89.5539905
Tonica,1393,741,652,1384,0,7,10,0,13,93,1300,59583,41.9,106838.17,0,0,0,0,0,0,0,0,41.2158684,-89.0667489
Topeka,540,276,264,540,16,4,0,0,0,0,540,38750,45.8,42661.75,0,0,0,0,0,0,0,0,40.3303196,-89.9312252
Albany,1121,531,590,1119,0,2,0,0,2,47,1074,55000,45.4,117470.75,0,1,0,0,2,4,0,0,41.7894748,-90.2192941
Sugar Grove,12166,6172,5994,10961,631,123,365,0,319,846,11320,111558,45.5,284040.25,0,0,0,0,0,0,0,0,41.7614181,-88.443686
Batavia,29533,14540,14993,27552,840,105,998,14,835,2248,27285,95026,40.9,297271.17,0,9,5,20,21,333,15,2,41.8500284,-88.3125738
Geneva,29401,14287,15114,28594,97,37,618,0,381,1662,27739,117951,41,342947.08,0,0,1,5,27,125,2,0,41.8875281,-88.3053525
Mundelein,37208,18979,18229,30081,737,159,4444,48,2756,11902,25306,93108,37.2,240040.42,0,15,1,11,22,148,13,1,42.263079,-88.0039653
Herscher,2180,1109,1071,2161,64,8,23,5,5,30,2150,74444,40.1,135731,0,0,0,0,0,0,0,0,41.0491989,-88.0978262
Saint Anne,5070,2607,2463,4350,667,28,83,0,112,549,4521,53723,41.2,132013,0,0,0,0,0,0,0,0,41.0250329,-87.7139249
Northbrook,40459,19008,21451,33430,850,107,6314,40,295,1265,39194,110012,49.6,566148.83,0,3,1,2,67,431,14,0,42.1275267,-87.8289548
El Paso,4395,2225,2170,4294,160,4,0,0,0,21,4374,71857,36,131423.58,0,0,0,0,0,0,0,0,40.7392018,-89.0164626
Avon,1889,945,944,1887,8,0,0,0,0,4,1885,56667,39.8,106237.25,0,0,0,0,0,0,0,0,40.6642065,-90.4348506
Green Valley,1806,946,860,1796,9,3,0,0,0,25,1781,57917,42.4,111049.92,0,0,0,0,0,0,0,0,40.4075408,-89.6428829
Bensenville,20462,10240,10222,16102,968,419,940,32,3086,9718,10744,63486,36,243386.33,0,11,4,5,26,225,21,0,41.9550296,-87.9400657
Oak Park,17408.3333333333,8192,9216.33333333333,12842.6666666667,3564.66666666667,154.666666666667,1275.33333333333,43,468,1526.66666666667,15881.6666666667,91694.6666666667,41.0333333333333,476229.61,0,0,0,0,0,0,0,0,41.8850317,-87.7845025
Dalzell,724,390,334,655,22,6,26,0,23,42,682,54000,48.1,101846,0,0,0,0,0,0,0,0,41.3578126,-89.176196
Broadview,7829,3920,3909,1416,6165,0,414,230,24,268,7561,49236,46,178354.67,0,2,12,5,28,278,24,0,41.8639201,-87.8533931
Moline,43706,21526,22180,38136,3419,359,1323,19,1767,7283,36423,52635,39.9,105564,2,33,24,169,190,780,80,8,41.5067003,-90.5151342
Malta,1692,897,795,1673,14,17,5,0,7,180,1512,68250,42.2,144915.67,0,0,0,0,0,2,0,0,41.929751,-88.8609238
Braceville,1696,898,798,1677,6,23,8,3,9,97,1599,60972,37.9,131845.92,0,0,0,0,0,0,0,0,41.2269765,-88.2647833
Morton Grove,23256,11532,11724,14791,713,16,7566,17,571,1452,21804,85476,47.4,331733.25,0,2,2,6,55,218,12,0,42.0405853,-87.7825621
Sparland,1448,738,710,1447,0,14,1,0,0,51,1397,58516,47.3,128893.83,0,0,0,0,0,0,0,0,41.0286474,-89.4384235
Magnolia,569,317,252,539,15,9,0,73,3,15,554,66250,36.3,80008.17,0,0,0,0,0,0,0,0,41.113646,-89.1945292
Gibson City,4103,1902,2201,4064,49,19,21,0,8,6,4097,44645,43.7,102967.92,0,3,0,8,3,5,0,0,40.4584275,-88.384603
Buckingham,529,254,275,524,2,0,4,0,1,15,514,77600,36.2,127442.67,0,0,0,0,0,0,0,0,41.0469767,-88.1753289
Sherrard,2394,1244,1150,2320,67,10,37,0,0,7,2387,68958,49.5,171289.67,0,0,0,0,0,0,0,0,41.318924,-90.505966
Elk Grove Village,33420,16504,16916,28444,532,245,3680,24,1500,4020,29400,79590,43.8,290179.5,0,3,9,11,35,391,59,3,42.0039178,-87.9703461
Geneseo,11004,5261,5743,10809,154,101,101,0,0,221,10783,67312,44.9,167034.83,0,0,0,0,0,0,0,0,41.4480902,-90.1542849
Wataga,1040,501,539,1012,4,6,8,0,17,29,1011,53750,48.7,80323.25,0,0,0,0,0,0,0,0,41.0253155,-90.2798474
De Land,610,313,297,608,2,12,0,0,0,22,588,64813,43.8,89064.58,0,0,0,0,0,0,0,0,40.1222568,-88.6453453
Loves Park,23837,11428,12409,22165,1058,254,764,55,364,2039,21798,52931,39.3,112012.25,0,24,13,49,71,354,31,1,42.3200189,-89.0581621
Barrington,46087,22253,23834,39013,593,138,6109,139,722,1763,44324,137994,47.7,503737,0,0,1,0,9,111,4,0,42.1539141,-88.1361888
South Elgin,23109,11520,11589,19709,969,165,1591,31,1354,4238,18871,93388,36.3,238108.92,0,13,3,8,12,85,0,0,41.9941938,-88.2922996
Arlington Heights,40227,19616.5,20610.5,34466.5,815,111,4209.5,58,1343,3588,36639,86102.5,43.4,373703.21,0,10,6,12,68,535,25,1,42.0883603,-87.9806265
West Chicago,36129,18710,17419,28466,799,383,2469,0,4655,16417,19712,80058,35.8,242023.5,2,13,6,13,28,200,17,0,41.8847507,-88.2039607
Addison,39216,19281,19935,29293,1812,401,3905,38,4986,15603,23613,64915,36.7,263669.5,1,18,6,36,65,361,38,4,41.931696,-87.9889556
Biggsville,542,249,293,536,0,4,6,0,0,0,542,47500,56.2,78875.92,0,0,0,0,0,0,0,0,40.8536498,-90.8648617
Amboy,3748,1837,1911,3629,44,0,41,15,34,85,3663,51818,46.9,94213.17,0,2,0,3,4,3,0,0,41.7141997,-89.3287061
Saunemin,621,305,316,568,0,10,45,0,31,52,569,60000,43.1,77399.42,0,0,0,0,0,0,0,0,40.8930888,-88.4053323
Bartlett,42196,21153,21043,33402,884,197,7172,37,1956,5474,36722,105862,39.6,289341.25,0,5,8,8,11,150,8,2,41.9950276,-88.1856301
Monticello,7884,3763,4121,7722,90,89,86,0,57,113,7771,75665,41.8,169863.67,0,0,0,11,4,24,0,1,40.0278116,-88.5733979
Troy Grove,161,86,75,161,0,0,0,0,0,21,140,65000,30.3,99365.83,0,0,0,0,0,0,0,0,41.4678108,-89.0831383
Rockton,11565,5605,5960,11357,156,88,26,6,58,308,11257,84159,43.2,168507.83,0,3,0,6,9,173,2,0,42.4525157,-89.0723317
Silvis,7820,3614,4206,6956,968,82,42,12,269,1407,6413,50620,38.7,101916,0,3,3,26,39,123,12,0,41.5122561,-90.4151301
Coal Valley,6138,3085,3053,6014,86,50,35,10,78,212,5926,72292,44.4,177410.58,0,4,0,5,8,61,4,0,41.4286456,-90.4609648
Joliet,25775.6,12767.2,13008.4,17079.4,5417.8,269.2,576.6,14.4,3473.2,8535.4,17240.2,58530.2,34.22,137202.616,8,44,122,312,449,1726,137,49,41.525031,-88.0817252
Somonauk,4401,2303,2098,4298,25,33,67,3,35,105,4296,77333,45.8,186659.92,0,0,0,1,3,2,0,0,41.6336414,-88.6811883
Eldena,92,63,29,92,0,0,0,0,0,0,92,76136,58.5,74058.33,0,0,0,0,0,0,0,0,41.771144,-89.410099
Homer Glen,22961,11777,11184,21811,250,51,675,0,460,1449,21512,103058,44.4,341589.5,0,1,2,6,31,107,11,1,41.6000318,-87.9381112
Hinsdale,18402,9150,9252,15999,244,14,2294,0,175,794,17608,183500,41.8,982351.83,0,2,0,0,23,60,15,0,41.8008642,-87.9370052
Forest Park,14041,6247,7794,8737,4113,82,1300,0,297,1027,13014,59361,40.2,278529.58,1,6,32,27,70,415,46,0,41.8794758,-87.81367
Eureka,7245,3551,3694,7056,114,52,41,0,132,243,7002,58936,35.7,147782.42,0,2,0,9,2,30,2,0,40.7214251,-89.2728627
Lake Zurich,42637,21299,21338,36357,1008,145,5008,124,868,3441,39196,135146,42,429947.17,0,1,1,3,18,238,3,0,42.1969689,-88.0934108
Granville,2297,1170,1127,2273,0,26,13,0,24,139,2158,66196,44.9,98325.67,0,0,0,0,0,0,0,0,41.2611471,-89.2275863
Willowbrook,27903,13561,14342,21810,2324,0,4310,0,153,1371,26532,94060,46.6,527717.67,0,0,0,0,0,0,0,0,41.7697533,-87.9358931
Lexington,3058,1453,1605,3022,31,14,4,0,0,13,3045,65547,41.1,142664,0,1,0,0,1,0,0,0,40.6414237,-88.7834001
Gibson City,4103,1902,2201,4064,49,19,21,0,8,6,4097,44645,43.7,102967.92,0,3,0,8,3,5,0,0,40.4584275,-88.384603
Evergreen Park,19666,9031,10635,13974,5095,90,268,0,722,2536,17130,72054,40.1,187546.75,0,4,19,31,30,883,8,2,41.720589,-87.7017175
Gilman,1959,930,1029,1679,19,17,5,17,255,274,1685,54375,44.5,80105.33,0,0,0,1,5,48,0,0,40.7667015,-87.992262
Golf,560,300,260,529,1,0,30,0,2,47,513,200500,38.4,812012.75,0,0,0,0,0,3,0,0,42.058918,-87.7925629
Woodstock,32526,16008,16518,30402,1273,296,566,0,668,6173,26353,66520,39.3,209509.83,0,10,2,12,27,266,5,0,42.3147436,-88.4487021
Tilton,2199,1034,1165,2199,22,10,0,0,0,167,2032,41503,44,51028.83,0,4,4,9,11,45,2,0,40.0953144,-87.6475213
Burlington,568,255,313,568,0,3,0,0,6,18,550,69583,41.8,208048.42,0,0,0,0,0,0,0,0,42.0528038,-88.5481412
Ludlow,535,252,283,480,44,1,10,3,3,15,520,53750,38.7,83499.75,0,0,0,0,0,0,0,0,40.3869787,-88.1275437
Keithsburg,708,326,382,702,7,2,5,0,0,0,708,37500,44.6,49300.92,0,0,0,0,0,0,0,0,41.0994792,-90.942643
Fox River Grove,5548,2677,2871,5436,0,43,199,0,95,428,5120,106960,37.6,243928.17,0,1,0,8,9,51,2,3,42.2008575,-88.2145259
Ottawa,23835,11340,12495,22359,1083,218,330,0,443,1970,21865,53793,40.8,133692.83,0,1,2,12,45,259,6,5,41.3455892,-88.8425769
Chicago,51349.3137254902,24985.9411764706,26363.3725490196,27032.5098039216,15346.1960784314,434.705882352941,3897,56.6862745098039,6109.56862745098,15192.7450980392,36156.568627451,65238.0588235294,35.1921568627451,400013.686470588,563,1798,9684,15312,11686,64695,10132,438,41.850033,-87.6500523
River Forest,11064,5383,5681,9598,768,58,676,0,246,650,10414,121908,41.3,684300.75,0,0,6,8,32,193,8,0,41.8978091,-87.8139483
Media,322,133,189,322,0,3,0,0,0,21,301,43864,48.5,74302.08,0,0,0,0,0,0,0,0,40.7750395,-90.8320824
Brookfield,18880,8596,10284,16234,1093,146,514,0,1368,4319,14561,81033,39,245299.08,0,0,0,0,0,0,0,0,41.8239203,-87.8517253
Wood Dale,14147,7117,7030,11451,266,32,1134,160,1341,3325,10822,66687,41,262302.58,0,3,3,4,22,161,8,0,41.9633625,-87.9789562
Toulon,2090,1039,1051,2034,32,14,36,0,0,21,2069,51591,46.4,75497.5,0,0,0,0,0,0,0,0,41.0936482,-89.8648284
Maroa,2413,1323,1090,2389,37,189,13,0,0,22,2391,68953,39.6,99530.67,0,0,0,1,6,15,1,0,40.0364257,-88.957026
Franklin Park,18025,8782,9243,14868,111,198,748,0,2448,8410,9615,63157,39.1,211021.25,0,14,6,27,67,151,24,4,41.9353084,-87.865618
Milan,10621,5037,5584,10118,407,80,72,41,135,573,10048,56832,45.7,121307.33,0,0,1,16,31,62,5,0,41.453089,-90.5720803
Western Springs,13227,6317,6910,12948,149,46,163,24,56,633,12594,161563,41.7,564362.92,0,0,1,1,13,139,2,2,41.8097533,-87.9006155
Oak Forest,28324,14366,13958,24688,1460,49,1368,0,1083,4076,24248,75844,41.4,207866.75,0,5,12,20,48,222,34,0,41.6028116,-87.7439384
Carpentersville,39333,19947,19386,22582,3309,366,3355,13,10733,19981,19352,63133,30.5,170098.75,0,10,17,7,48,433,15,2,42.1211364,-88.2578582
Dakota,1002,470,532,1002,30,3,2,0,2,21,981,51923,40.9,114644.58,0,0,0,0,0,0,0,0,42.3886272,-89.526227
Lockport,35415,17954,17461,30565,3114,194,717,0,1415,3333,32082,74544,36.6,216061.17,0,2,5,10,31,137,9,3,41.5894753,-88.057837
Mackinaw,4738,2395,2343,4698,21,14,0,0,9,91,4647,82404,39,152560,0,0,0,0,0,0,0,0,40.5369829,-89.3575913
Palos Heights,14926,7174,7752,14105,293,140,364,0,271,589,14337,85457,51.6,282856.17,0,0,2,1,11,114,10,0,41.6680885,-87.7964416
Waterman,2029,928,1101,2008,62,6,13,0,0,154,1875,78092,39.3,167456.83,0,0,0,0,0,0,0,0,41.7716963,-88.7736942
Bismarck,1074,531,543,1023,29,0,9,0,15,41,1033,57083,43.9,111396.25,0,0,0,0,0,0,0,0,40.2639253,-87.6080755
Viola,1469,756,713,1460,0,25,11,0,9,35,1434,63382,37,95626.42,0,0,0,0,0,0,0,0,41.2030911,-90.5870792
Romeoville,40085,19166,20919,25448,4894,474,3216,23,7844,13159,26926,77110,33.9,200442.08,1,10,15,32,42,361,28,2,41.6475306,-88.0895061
Wellington,411,193,218,399,0,0,0,0,12,18,393,58380,34.2,39609,0,0,0,0,0,0,0,0,40.5392032,-87.6800257
Galva,3012,1607,1405,2965,33,8,19,0,35,75,2937,39280,43.9,68101.5,0,0,0,0,0,0,0,0,41.167537,-90.0426136
Markham,12271,5652,6619,1937,9840,60,112,0,441,1162,11109,38978,36.5,79215.83,0,0,0,0,0,0,0,0,41.5936453,-87.6947699
Wilmington,11540,5857,5683,10974,120,167,121,10,309,736,10804,61090,46.5,156914.58,0,0,0,0,0,0,0,0,41.3078094,-88.1467243
Tinley Park,32253.5,15806.5,16447,28574.5,1703.5,57.5,1398.5,5,1087.5,3303,28950.5,81831,39.3,248920.045,0,2,9,12,79,582,33,0,41.5733669,-87.7844944
Seatonville,338,152,186,328,0,0,7,0,7,16,322,53750,39.4,69290,0,0,0,0,0,0,0,0,41.3647575,-89.2764763
Alsip,22390,11245,11145,15813,4769,159,318,51,1894,5072,17318,56239,36.2,182371.42,2,0,16,6,66,329,32,1,41.6689223,-87.7386619
Bement,1656,821,835,1618,40,13,4,1,0,4,1652,48214,45,78285.17,0,0,0,0,0,0,0,0,39.9219782,-88.572008
Midlothian,25930,12626,13304,22368,2146,192,690,33,1048,4600,21330,60784,43,158434.08,1,1,19,5,64,236,30,0,41.6253116,-87.7175491
Bloomingdale,22766,10740,12026,18348,880,185,3242,79,391,2754,20012,85887,43.3,315705,0,1,5,26,36,448,4,0,41.9575285,-88.0809036
Arrowsmith,478,230,248,473,2,5,0,0,0,0,478,62813,37.5,103219.17,0,0,0,0,0,0,0,0,40.4494787,-88.6317305
Hooppole,236,124,112,236,0,0,0,0,0,0,236,47917,37.2,59619.25,0,0,0,0,0,0,0,0,41.5222555,-89.9098306
Clinton,9826,4869,4957,9549,89,126,4,0,186,415,9411,53923,41.8,91993.75,0,7,1,0,68,135,0,0,40.1536479,-88.9645253
Dolton,22644,10287,12357,1628,21147,231,176,0,117,497,22147,45463,36.7,98760,0,0,0,0,0,0,0,0,41.6389236,-87.607268
Ohio,863,434,429,856,7,0,0,0,0,0,863,63026,46.1,90336.75,0,0,0,0,0,0,0,0,41.5575349,-89.4609276
Stockton,3629,1825,1804,3583,31,18,54,9,27,92,3537,46859,41.6,94860.42,0,0,0,1,5,16,0,1,42.3497355,-90.0067917
Roselle,24551,11939,12612,20814,1261,515,2317,57,380,2506,22045,85787,40.3,279064.42,0,6,1,2,24,172,10,1,41.9847505,-88.0797933
Darien,23163,11115,12048,18986,871,59,3381,10,684,1351,21812,93118,45.4,341551.08,2,10,1,12,23,199,9,0,41.7519754,-87.9739494
Malden,393,211,182,376,0,0,0,0,21,24,369,41333,42.6,71446.67,0,0,0,0,0,0,0,0,41.4244797,-89.3692566
Mount Carroll,2612,1244,1368,2565,22,0,17,0,15,51,2561,49375,52.4,93557.33,0,0,0,0,0,0,0,0,42.0950233,-89.9781797
Henning,230,110,120,230,0,0,0,0,0,0,230,54750,39.9,42825.58,0,0,0,0,0,0,0,0,40.3050364,-87.7008567
East Galesburg,677,345,332,677,11,0,6,0,0,10,667,59063,45.5,76012.5,0,0,0,0,0,0,0,0,40.9478158,-90.3101264
Genoa,6906,3556,3350,6770,167,147,55,0,58,762,6144,65435,40.6,172553,0,5,0,7,3,60,2,0,42.097248,-88.6928688
Tampico,1742,897,845,1737,3,0,0,0,5,14,1728,49938,30.4,76796.58,0,0,0,0,0,0,0,0,41.63031,-89.7862177
Deer Creek,831,406,425,831,2,0,0,0,0,3,828,61458,38.4,123734.08,0,1,1,1,9,4,0,0,40.6300374,-89.3325886
Lincolnwood,12539,6097,6442,8174,340,84,4405,0,203,964,11575,93250,47.3,407846.5,0,0,5,10,40,317,23,3,42.0044757,-87.7300594
Homer,1999,1098,901,1997,0,2,0,0,0,5,1994,63295,42,108426.92,0,0,0,0,0,0,0,0,40.0347569,-87.9580892
Woodhull,1134,631,503,1131,3,0,0,0,0,14,1120,58750,43.1,100157.33,0,0,0,0,0,0,0,0,41.1789256,-90.3159582
Kirkland,2655,1354,1301,2580,22,2,19,0,71,160,2495,61673,38.8,168965.5,0,0,0,0,0,0,0,0,42.0925258,-88.8512063
Le Roy,4389,2193,2196,4373,11,18,0,0,5,0,4389,72798,43,127786.67,0,1,0,6,8,21,1,0,40.3519795,-88.764237
Roanoke,2469,1251,1218,2437,15,0,9,0,10,82,2387,56071,44.5,109992.92,0,0,0,0,0,0,0,0,40.7961465,-89.1973042
Reynolds,870,460,410,865,4,0,0,0,1,17,853,56375,46.3,117220.42,0,0,0,0,0,0,0,0,41.3297558,-90.670416
Chicago Heights,57800,27613,30187,18353,30695,303,302,0,9749,15338,42462,46771,34.2,92686,0,0,0,0,0,0,0,0,41.506146,-87.6355995
Glenwood,8912,4032,4880,2264,6449,176,131,0,211,701,8211,63444,40.8,142990.67,0,0,6,5,21,30,4,0,41.5425349,-87.6022658
Penfield,533,273,260,527,12,0,10,0,0,4,529,71827,43.8,108107.92,0,0,0,0,0,0,0,0,40.3033684,-87.9467009
Winslow,728,385,343,728,0,0,0,0,0,25,703,53350,38.6,93419.25,0,0,0,0,0,0,0,0,42.4925096,-89.7923428
Collison,134,79,55,128,0,0,6,0,0,0,134,52083,59.3,106399.33,0,0,0,0,0,0,0,0,40.2250359,-87.8039159
Alexis,1467,760,707,1445,90,21,0,2,0,13,1454,57250,44,72806.08,0,0,0,0,7,4,4,0,41.0633703,-90.5559675
La Grange,30576,15276,15300,28013,1487,117,723,8,862,4241,26335,83859,43.4,417907.42,0,0,5,10,16,134,3,1,41.8050314,-87.8692254
Glencoe,8477,4196,4281,7993,162,0,379,0,5,456,8021,209821,45.1,1037845.67,0,0,0,0,0,0,0,0,42.1350268,-87.7581188
Manteno,11803,6079,5724,11350,354,0,195,0,52,744,11059,59240,43.8,206775,0,4,0,5,18,139,2,0,41.2505881,-87.8314324
Long Point,323,176,147,317,0,4,6,0,0,3,320,77917,42.1,83273.58,0,0,0,0,0,0,0,0,41.0047545,-88.8917412
Baileyville,507,294,213,507,6,0,0,0,0,9,498,52829,45.9,107610.67,0,0,0,0,0,0,0,0,42.1972454,-89.5934478
Hinckley,2810,1327,1483,2738,21,7,32,0,71,156,2654,71908,40.4,206620.25,0,0,0,0,3,17,0,0,41.7689183,-88.640913
Erie,2502,1215,1287,2478,0,1,38,0,0,43,2459,58889,41,121953.92,0,0,0,0,2,3,1,0,41.6564203,-90.0792859
Watseka,6948,3169,3779,6538,55,37,50,24,315,485,6463,41330,47.1,75127.58,0,5,1,3,22,112,2,0,40.7761465,-87.7364218
Odell,1333,627,706,1330,0,8,0,0,0,10,1323,61429,41.7,99403.92,0,0,0,0,0,0,0,0,41.003643,-88.5253364
Cooksville,301,162,139,301,0,0,0,0,0,1,300,65417,50.6,108584.75,0,0,0,0,0,0,0,0,40.5430902,-88.7164546
Schaumburg,19231,9307.25,9923.75,12453.5,805.75,214,4996.5,49,1276,2107.25,17123.75,81093.75,36.8,326951.375,0,15,22,24,75,1393,48,1,42.0333608,-88.0834059
Ashton,1905,913,992,1847,39,30,27,0,49,72,1833,59559,38,93899.5,0,0,0,0,2,0,0,0,41.8661417,-89.2212088
Gilberts,7742,4153,3589,5295,634,0,1041,0,772,1319,6423,104114,31.7,272952.42,0,1,0,2,2,18,0,0,42.1033585,-88.3728605
Broadlands,458,229,229,453,1,1,4,0,0,4,454,56667,44.4,96571.25,0,0,0,0,0,0,0,0,39.9086455,-87.9942016
Hillsdale,1198,629,569,1189,14,13,7,0,4,21,1177,52417,37.3,102355.67,0,0,0,0,0,0,1,0,41.6136437,-90.1728998
Steward,701,392,309,691,6,2,0,0,4,2,699,61667,42.7,138381.5,0,0,0,0,0,0,0,0,41.8478069,-89.0200933
Oswego,40027,20317,19710,34662,2220,208,2018,0,1937,6226,33801,101999,36.8,267589,0,8,2,7,10,284,4,2,41.6828074,-88.3514596
Rock Island,38385,18628,19757,28476,8487,529,1890,149,791,4329,34056,47563,36.7,91742.17,1,3,19,76,166,688,132,11,41.5094771,-90.5787477
Kingston,2673,1518,1155,2635,117,1,0,3,18,321,2352,79107,33.4,195983.17,0,0,0,0,0,6,1,0,42.0997482,-88.7589818
Algonquin,32739,16010,16729,29116,503,97,2856,11,614,2271,30468,102698,41.6,263435.33,0,7,4,16,18,243,4,0,42.1655801,-88.2942493
Woodland,294,136,158,285,23,2,0,0,0,12,282,47857,41.5,57838.75,0,0,0,0,0,0,0,0,40.7144803,-87.7311426
Highland Park,29734,14306,15428,27888,547,36,1092,10,685,2178,27556,147973,46.6,533831.83,0,3,2,19,26,150,22,1,42.1816919,-87.8003438
Blue Island,25256,12482,12774,12796,7400,609,349,0,5150,12740,12516,43504,33.6,118867,1,10,32,50,68,168,52,0,41.6572562,-87.6800486
Elmwood Park,43019,20752,22267,32323,3814,561,2103,16,5725,16505,26514,57554,39.6,281183.33,0,6,16,32,53,182,15,2,41.9211423,-87.8092266
Urbana,25253,12792,12461,16575,4420.5,263.5,4415.5,70,269.5,1728,23525,38425.5,29.85,129198.67,2,24,57,67,198,1012,23,8,40.1105875,-88.2072697
Huntley,28121,13197,14924,25322,958,33,1920,36,286,3104,25017,76730,46.5,264223.33,0,0,1,8,8,89,2,0,42.1680796,-88.4281415
Harwood Heights,23301,11124,12177,20840,230,65,1831,12,598,2498,20803,62657,45,314278.08,0,0,0,0,0,0,0,0,41.9672532,-87.8075612
Essex,1210,648,562,1193,13,33,7,0,0,11,1199,72171,39.1,204586,0,0,0,0,0,0,0,0,41.1772542,-88.1856117
Hampshire,17639,8593,9046,16646,156,0,706,0,351,1638,16001,94191,39.7,255261.08,0,1,0,10,13,10,0,0,42.0978028,-88.5303643
Worth,10916,5479,5437,10040,336,20,276,43,436,1355,9561,57218,41.4,192396.58,0,11,7,8,21,92,10,1,41.6897549,-87.7972754
Caledonia,2326,1240,1086,1975,39,0,249,8,63,101,2225,116411,53.9,223538.5,0,0,0,0,0,0,0,0,42.369463,-88.8926041
Lewistown,3628,1818,1810,3554,33,28,0,7,37,70,3558,56811,46.3,66962.58,0,0,0,0,0,0,0,0,40.3930973,-90.1548421
Ogden,1226,621,605,1215,0,13,21,0,0,10,1216,72344,43.5,130281.67,0,0,0,0,0,0,0,0,40.1139237,-87.9561449
Waynesville,691,329,362,691,0,1,0,0,0,0,691,61750,34.6,72264.25,0,0,0,0,0,0,0,0,40.2389277,-89.1231418
Lee,484,257,227,476,13,2,0,0,3,10,474,75417,39.6,133105.58,0,0,0,0,0,0,0,0,41.7950293,-88.9414786
Bloomington,36493.5,18076.5,18417,29122,3823,214.5,3511.5,16.5,757,2372.5,34121,66419,34.75,159183.96,9,68,37,225,196,909,88,5,40.4842027,-88.9936873
Country Club Hills,17112,7738,9374,1844,14822,17,424,0,157,1049,16063,59104,39.9,131889.33,3,11,21,36,68,468,53,1,41.5680898,-87.7203257
Lanark,2451,1181,1270,2352,23,51,14,0,76,113,2338,60469,51.3,195972.25,0,0,0,0,0,1,0,0,42.1022465,-89.8334527
Libertyville,29058,14196,14862,26453,511,148,2227,8,223,1245,27813,134621,45.2,437814,0,0,0,0,0,0,0,0,42.2830786,-87.9531303
Beecher,7779,3882,3897,7566,39,28,0,0,180,528,7251,68044,44.4,181019.67,0,2,0,2,4,21,0,0,41.34059,-87.6214286
Hazel Crest,15387,7218,8169,2290,13006,75,31,0,51,786,14601,51742,40.9,112753.17,2,7,25,18,85,273,66,1,41.571701,-87.6944915
Riverside,15685,7653,8032,13649,595,108,767,0,986,3452,12233,79266,42.3,316689.92,0,5,4,4,11,77,3,0,41.8350316,-87.8228358
Kingston Mines,206,114,92,205,0,0,0,0,1,4,202,52000,37,49856.33,0,0,0,0,0,0,0,0,40.5580943,-89.770663
Hickory Hills,14018,7219,6799,13251,529,23,96,15,206,2515,11503,66413,39.2,243770.5,1,2,4,9,20,157,12,1,41.7255879,-87.825055
Saybrook,1138,530,608,1127,0,0,0,0,11,31,1107,61563,42.5,92059,0,0,0,0,0,0,0,0,40.4267005,-88.5261711
Durand,2534,1266,1268,2524,12,5,10,0,0,32,2502,61452,47.5,129665.67,0,0,0,0,0,0,0,0,42.4364033,-89.3320582
Spring Grove,9660,4988,4672,9536,56,54,103,0,45,387,9273,88958,44.4,268409.83,0,0,0,4,3,40,2,0,42.4436308,-88.2364775
Plainfield,32852.6666666667,15887.6666666667,16965,26391,3226,150.333333333333,1980.33333333333,34.3333333333333,1925.66666666667,5875.33333333333,26977.3333333333,103276,36.4,267312.61,0,14,7,33,34,275,19,0,41.6269745,-88.2039539
Scales Mound,992,500,492,975,17,2,8,0,4,18,974,61875,50.1,117197.75,0,0,0,0,0,0,0,0,42.4758384,-90.2529047
Benson,676,353,323,663,13,0,0,0,0,0,676,71500,35.3,82697.58,0,0,0,0,0,0,0,0,40.8505901,-89.1223021
Wapella,728,343,385,728,2,41,0,0,0,4,724,55625,43,110235.42,0,0,0,0,0,0,0,0,40.2203145,-88.9620246
Montgomery,28451,13971,14480,23143,2009,309,961,18,3433,8991,19460,78193,32.5,201671.92,0,2,5,10,20,262,5,2,41.730585,-88.3459048
Catlin,2516,1281,1235,2516,0,0,0,0,14,28,2488,53950,42.2,99805.58,0,0,0,0,3,0,0,0,40.0650363,-87.7019675
Big Rock,1932,1107,825,1902,8,24,8,8,4,45,1887,88750,35.7,250175.75,0,0,0,0,0,0,0,0,41.7639181,-88.5470219
Forest City,645,322,323,644,0,0,0,0,1,0,645,51833,36.7,46023.33,0,0,0,0,0,0,0,0,40.3700411,-89.8276113
Paw Paw,1201,566,635,1195,0,8,3,0,3,52,1149,54423,46.2,106828.58,0,0,0,0,0,0,0,0,41.688919,-88.9811987
Sterling,21129,10250,10879,19605,847,222,314,61,980,4448,16681,53286,43.2,95764.5,0,25,3,6,42,373,21,1,41.788642,-89.6962194
Evanston,26448.3333333333,12323.6666666667,14124.6666666667,18692,4753.33333333333,177.333333333333,2923,38.3333333333333,947.666666666667,3015.66666666667,23432.6666666667,91793.3333333333,37.9333333333333,475361.36,3,6,47,84,289,1358,55,6,42.0411414,-87.6900587
Aroma Park,671,339,332,636,41,0,5,0,0,102,569,44444,39.4,83930.83,0,0,1,0,6,8,1,0,41.0797548,-87.8114285
Kewanee,13663,6545,7118,12054,783,33,187,0,796,1389,12274,40559,40.2,51014.08,0,7,0,28,39,425,25,6,41.2455927,-89.9248303
Cedar Point,299,149,150,299,0,0,0,0,0,32,267,57500,36.8,67357.33,0,0,0,0,0,0,0,0,41.2630912,-89.1256394
Cornell,1434,792,642,1434,24,3,0,0,0,15,1419,68194,42.6,91016.17,0,0,0,0,0,0,0,0,40.9900326,-88.7292337
Harvey,28924,13497,15427,5312,21292,205,569,0,2141,6193,22731,30015,36.2,46763.58,0,0,0,0,0,0,0,0,41.6100344,-87.6467132
Clifton,2106,1045,1061,2093,18,22,13,0,0,17,2089,59716,45,131081.5,0,0,0,0,0,0,0,0,40.9353109,-87.9344851
Franklin Grove,1541,796,745,1512,30,0,3,0,119,114,1427,52188,44.5,99249.92,0,0,0,0,0,0,0,0,41.8416982,-89.3003765
Manlius,257,150,107,257,0,2,0,0,0,20,237,52000,43.3,56989.33,0,0,0,0,0,0,0,0,41.456424,-89.6689875
Grant Park,3433,1728,1705,3374,4,57,0,0,25,346,3087,69489,44.3,169774.5,0,0,0,0,0,0,0,0,41.2411449,-87.6461491
Mahomet,13981,6697,7284,13422,437,24,267,40,68,680,13301,90465,35.5,205113.42,0,5,0,5,12,43,1,0,40.1953106,-88.4042234
Danforth,925,430,495,910,4,2,18,0,0,13,912,58594,41.1,78894.67,0,0,0,0,0,0,0,0,40.820312,-87.977818
Itasca,10996,5274,5722,10099,227,12,665,20,169,1309,9687,92561,45.6,326177.08,0,4,1,2,15,80,8,0,41.9750288,-88.0072909
Rossville,1895,916,979,1852,3,17,25,3,3,13,1882,51932,36.2,71023.25,0,0,0,0,0,0,0,0,40.3792031,-87.6686342
Mendota,8763,4476,4287,8310,109,36,139,21,313,2145,6618,58845,40.2,100705.17,0,7,0,3,14,41,6,0,41.5472547,-89.1175851
Hoopeston,5871,3027,2844,5262,133,101,151,0,307,848,5023,44105,45.6,55330.08,0,6,2,13,53,95,7,2,40.4672587,-87.6683573
Skokie,30098,14231,15867,18281.5,2851,245.5,9528.5,159,925,3434.5,26663.5,71423,43.2,332725.04,0,15,37,120,206,1348,52,7,42.0333636,-87.7333934
Seaton,375,183,192,375,13,0,0,0,0,10,365,49511,51.6,63650.33,0,0,0,0,0,0,0,0,41.1022578,-90.801529
Morton,17787,8457,9330,17225,248,31,258,9,95,529,17258,76797,42.8,186901.92,0,4,1,13,27,74,2,0,40.6128161,-89.4592609
Glasford,2509,1274,1235,2489,0,0,0,0,20,27,2482,60250,41.9,117554.17,0,0,0,1,1,0,0,0,40.5725386,-89.813442
Blandinsville,1121,574,547,1115,20,4,0,0,0,0,1121,50078,44.1,52221.83,0,0,0,0,0,0,0,0,40.556152,-90.8659692
Ipava,1001,504,497,979,0,0,22,0,10,10,991,45714,47,60564.42,0,0,0,0,0,0,0,0,40.3514319,-90.3245681
Riverdale,28577,12911,15666,1961,26627,243,63,0,290,1222,27355,31954,32.7,66256.83,5,11,41,42,88,237,52,2,41.6333678,-87.6331021
Bishop Hill,114,46,68,112,2,0,1,0,0,0,114,47500,59,70577.33,0,0,0,0,0,0,0,0,41.2017036,-90.1190054
Ridott,752,376,376,740,3,0,12,0,0,0,752,55000,60.3,147274.08,0,0,0,0,0,0,0,0,42.2964089,-89.4753917
Freeport,29896,13985,15911,25027,5164,248,378,42,173,1410,28486,42829,44.8,63418,1,20,7,21,89,468,15,5,42.2966861,-89.6212271
Lake Bluff,10003,4642,5361,8616,151,62,1207,0,129,762,9241,107039,42.7,459437.17,0,0,1,0,7,36,0,0,42.2789117,-87.8342362
Wadsworth,9990,5004,4986,7578,1830,0,694,0,212,1280,8710,95644,39,245661.08,0,0,0,0,0,0,0,0,42.4286321,-87.9239651
Cedarville,504,229,275,496,8,3,0,0,0,52,452,64167,45.5,93063.75,0,0,0,0,0,0,0,0,42.3758493,-89.6331727
La Rose,91,40,51,88,0,0,3,0,0,0,91,30250,55.3,48426.08,0,0,0,0,0,0,0,0,40.9822568,-89.2353629
Dunfermline,381,177,204,381,0,0,0,0,0,6,375,48333,31.4,69941.75,0,0,0,0,0,0,0,0,40.4911505,-90.0317835
Monmouth,11521,5439,6082,9961,543,172,411,0,704,1553,9968,43568,36.1,78869.33,0,1,4,26,40,160,12,2,40.9114271,-90.6473576
Cullom,803,318,485,803,69,38,0,0,0,19,784,39875,33.3,73413.25,0,0,0,0,0,0,0,0,40.8778116,-88.2692177
Ashkum,1308,673,635,1271,28,4,0,0,13,27,1281,66719,43.6,123071.58,0,0,0,0,0,0,0,0,40.8803114,-87.9550405
Lombard,52963,26126,26837,42685,3136,291,7075,35,1101,5280,47683,81504,38,277436.92,1,15,4,32,59,781,16,2,41.8800296,-88.0078435
Dixon,23031,12648,10383,20917,1838,99,280,51,358,1521,21510,59874,43.2,96859.75,0,23,0,9,22,196,4,0,41.8389213,-89.4795478
Downs,1750,874,876,1729,18,9,11,1,8,95,1655,94063,43.3,185344.67,0,1,0,1,0,5,0,0,40.39698,-88.8706291
Apple River,1042,555,487,1012,1,0,11,0,18,19,1023,65240,54.6,209141.58,0,0,0,0,0,0,0,0,42.5050054,-90.0987361
Winfield,11143,5620,5523,10444,278,73,509,11,135,461,10682,106581,49.2,314165.67,2,5,0,3,4,25,4,0,41.8616956,-88.1609031
Oquawka,2248,1176,1072,2197,11,37,32,0,0,33,2215,44967,52,67015.83,0,0,0,0,0,0,0,0,40.931982,-90.9470863
Elwood,3843,1907,1936,3720,134,26,22,0,14,320,3523,80960,41.2,201597.58,0,0,0,4,1,11,5,0,41.4039201,-88.1117242
Mount Prospect,55250,27755,27495,43000,1780,655,7432,49,3865,9331,45919,73686,39.6,335741.5,0,7,11,14,55,486,17,3,42.0664167,-87.9372908
German Valley,1012,542,470,993,1,0,5,0,14,80,932,59750,31.7,101542.33,0,0,0,0,0,0,0,0,42.2155786,-89.4734459
Lansing,28960,12583,16377,15055,12353,461,300,0,1559,4377,24583,52028,41.4,123031.58,2,13,45,28,116,1301,108,2,41.5647575,-87.538931
Prospect Heights,16049,8298,7751,11175,336,0,1452,17,3236,5156,10893,66379,38.6,362579.25,0,5,3,17,11,61,10,0,42.0953049,-87.9375694
Henderson,242,133,109,233,5,0,0,0,4,12,230,52250,52.5,73422.25,0,0,0,0,0,0,0,0,41.0250376,-90.356239
Compton,845,357,488,696,16,15,4,0,123,169,676,51477,37.1,95093.67,0,0,0,0,0,0,0,0,41.6944753,-89.0812008
Neponset,835,443,392,808,4,3,3,0,17,19,816,71667,43.4,52108.25,0,0,0,0,0,0,0,0,41.29587,-89.7903802
Sublette,739,343,396,728,2,2,2,0,5,29,710,51711,46.3,119254.83,0,0,0,0,0,0,0,0,41.6430884,-89.2278681
Wyanet,1488,772,716,1475,32,7,6,0,10,39,1449,56250,41.7,72775.08,0,0,0,0,0,0,0,0,41.3653141,-89.5839847
Henry,2754,1369,1385,2744,0,8,43,34,0,7,2747,47259,44.1,78456.33,0,1,0,4,2,27,1,0,41.1114249,-89.3564776
Winnebago,6052,3005,3047,5825,201,10,49,0,0,77,5975,83500,42.3,151948,0,2,0,1,3,25,3,0,42.2661312,-89.2412202
Burbank,28908,14464,14444,24666,930,88,774,28,3091,8974,19934,60095,38.2,210856.58,0,5,21,34,38,184,20,3,41.7339215,-87.7794981
Ladd,1185,587,598,1133,0,0,7,0,49,83,1102,65972,42.9,86540.17,0,0,0,3,0,2,0,0,41.3825348,-89.2189748
Warren,1493,726,767,1457,65,8,16,2,18,32,1461,56466,49.5,68898.25,0,0,0,3,0,0,0,0,42.4963957,-89.9895681
Thomson,1627,880,747,1624,0,0,3,0,0,13,1614,62961,50,108777.83,0,0,0,0,0,0,0,0,41.9589158,-90.0992924
Flanagan,1536,706,830,1485,20,8,21,0,20,52,1484,52917,49.2,96919.17,0,0,0,0,0,0,0,0,40.8780891,-88.8611818
River Grove,10148,4828,5320,8742,174,67,193,0,1299,3014,7134,55508,38.4,227787.33,0,0,0,0,0,0,0,0,41.9258642,-87.8358943
Alpha,906,442,464,891,3,0,0,0,15,12,894,55682,42.4,93432.75,0,0,0,0,0,0,0,0,41.1917031,-90.3801274
Ellisville,296,161,135,296,0,0,0,0,0,1,295,39125,51.2,81606.42,0,0,0,0,0,0,0,0,40.6267064,-90.3051249
Towanda,1348,643,705,1341,1,5,0,0,6,6,1342,90294,48.5,168618.5,0,0,0,0,0,0,0,0,40.5639242,-88.8989607
Millbrook,116,56,60,116,0,0,0,0,0,0,116,71250,36.8,266993.42,0,0,0,0,0,0,0,0,41.5983635,-88.5528521
Millington,647,379,268,647,0,0,0,0,0,34,613,66932,39,208593.08,0,0,0,0,0,0,0,0,41.5625305,-88.5984075
Oak Lawn,56420,27759,28661,46763,4095,330,2235,10,4695,11988,44432,62455,40.9,217342.25,0,11,24,46,74,671,13,3,41.7108662,-87.7581081
Elmhurst,48410,23842,24568,44055,783,246,3684,41,630,4042,44368,111420,39.5,448212.25,0,6,9,8,63,372,10,0,41.8994745,-87.9403418
Gridley,1865,890,975,1794,64,12,6,0,17,70,1795,66667,37.4,112821.08,0,0,0,0,0,0,0,0,40.7433682,-88.8814578
Thawville,335,163,172,295,21,8,0,0,26,73,262,53750,44.4,55992,0,0,0,0,0,0,0,0,40.6758683,-88.116155
Paxton,5288,2637,2651,4913,125,18,54,5,183,292,4996,53434,41.7,85416.42,0,3,0,8,18,28,2,0,40.4603125,-88.0953201
Table Grove,671,329,342,663,1,1,8,0,0,3,668,53750,33.9,49814.42,0,0,0,0,0,0,0,0,40.3642095,-90.4251258
Good Hope,917,511,406,916,3,0,0,0,0,37,880,63750,39.4,79750.08,0,0,0,0,0,0,0,0,40.5578178,-90.6734649
Des Plaines,45011.5,22184,22827.5,32184.5,1714.5,327.5,9304,75.5,2305.5,9479.5,35532,62597.5,40,279870.75,1,6,12,20,65,623,37,2,42.0333623,-87.8833991
Astoria,1534,871,663,1505,19,3,12,0,0,2,1532,43897,40.8,50958.75,0,0,0,0,0,0,0,0,40.227545,-90.3595683
Woodridge,32328,15966,16362,24638,3168,174,4699,10,827,4397,27931,83883,37.7,295687.67,0,6,12,14,32,338,22,4,41.7469749,-88.0503406
Marseilles,7999,3791,4208,7856,38,31,38,4,73,293,7706,59147,41.3,118917.25,0,2,3,3,16,37,5,2,41.3308666,-88.7081293
Alvin,678,322,356,674,4,5,38,0,0,1,677,52656,41.1,80618.17,0,0,0,0,0,0,0,0,40.3083697,-87.6083537
Glen Ellyn,38279,18432,19847,33899,1333,236,3418,0,327,2321,35958,107332,41,414373.75,0,8,5,8,27,179,11,3,41.8775293,-88.0670118
Westmont,24529,11651,12878,18705,1938,160,3640,56,803,3199,21330,67598,39.1,302965.25,0,8,3,8,39,217,14,3,41.7958639,-87.9756175
Lostant,732,377,355,729,9,2,5,11,0,19,713,62750,38.2,88030.58,0,0,0,0,0,0,0,0,41.142812,-89.0600817
Smithfield,573,237,336,572,0,1,0,0,0,2,571,40000,47.3,52635.83,0,0,0,0,0,0,0,0,40.4733743,-90.2917904
La Moille,1437,730,707,1388,6,7,43,0,0,6,1431,81250,49.4,95997.42,0,0,0,0,0,0,0,0,41.5317006,-89.2798104
Thornton,2493,1179,1314,1974,425,18,63,0,62,293,2200,57461,43.7,105274.17,0,2,2,2,10,25,3,0,41.5680904,-87.6080999
Hanna City,2918,1437,1481,2888,15,10,19,0,7,181,2737,70690,46.1,138343.42,0,0,0,0,0,0,0,0,40.6917043,-89.7951061
Cherry Valley,4962,2528,2434,4554,242,105,182,4,20,225,4737,74821,51.6,164099.33,1,1,0,7,12,225,1,1,42.2347434,-88.9489912
Kankakee,35509,17115,18394,22930,11367,299,410,0,1215,4753,30756,47629,36.9,90149.17,4,35,47,144,143,682,46,11,41.1200325,-87.8611531
Vernon Hills,27004,13315,13689,19016,1185,176,6667,48,917,3280,23724,98939,39,330956.83,0,4,7,4,20,271,4,2,42.2194686,-87.9795188
Sandwich,12374,6103,6271,11753,40,42,19,0,586,1454,10920,70318,35.7,198846.5,0,2,0,5,5,2,2,0,41.6458634,-88.6217432
Cherry,479,271,208,479,0,0,0,0,0,8,471,47750,39.7,70284.92,0,0,0,0,0,0,0,0,41.4269787,-89.213419
Campus,199,94,105,199,0,0,0,0,0,0,199,44063,44.1,77827.58,0,0,0,0,0,0,0,0,41.0233656,-88.3061652
Kenilworth,2512,1273,1239,2367,31,20,152,0,0,71,2441,212750,41.3,1360529.67,0,0,0,0,5,7,3,0,42.085862,-87.7175607
Marengo,12345,6113,6232,11986,180,35,54,0,237,1722,10623,85133,44.7,235011.58,0,2,0,1,8,43,3,0,42.2486332,-88.6084269
Hebron,2077,1082,995,1958,53,8,8,0,93,269,1808,63333,42.3,172298.83,0,0,0,0,0,0,0,0,42.4716853,-88.432318
Milford,2449,1239,1210,2350,16,3,2,17,95,196,2253,47422,46.2,63050.17,0,0,0,0,0,0,0,0,40.6283696,-87.6961395
Lemont,23422,11452,11970,22330,292,182,840,0,138,1524,21898,93489,46.4,383065.42,0,13,1,8,15,113,14,0,41.673642,-88.0017261
Grand Ridge,970,472,498,910,3,2,12,0,50,109,861,68281,41.8,90092.75,0,0,0,0,0,0,0,0,41.2369791,-88.8314652
Walnut,2118,1076,1042,2118,7,29,5,0,0,61,2057,50833,47.6,88630,0,0,0,0,1,3,0,0,41.5567012,-89.5934315
Rolling Meadows,21833,10604,11229,15923,1179,325,1992,92,2976,5430,16403,66462,37.4,257214.25,0,3,3,9,19,258,7,0,42.0841936,-88.0131275
Winnetka,19441,9433,10008,18096,111,80,1329,57,233,1134,18307,174966,42.9,1125064.83,0,2,0,1,15,85,8,0,42.1080834,-87.7358951
Leaf River,1839,859,980,1822,25,0,1,2,0,23,1816,57847,51.3,102337.25,0,0,0,0,0,0,0,0,42.1255813,-89.4037207
Flossmoor,9768,4608,5160,3780,5867,16,101,13,30,355,9413,108375,46.3,227087,0,1,3,7,15,215,14,0,41.5428123,-87.6847684
Lyons,10544,5210,5334,8630,580,61,256,8,1369,5328,5216,60700,34.6,183582.75,2,2,2,5,9,96,10,0,41.8133651,-87.8181128
Streamwood,40437,20514,19923,26913,1908,293,5579,0,6898,13891,26546,80039,38.5,210170.75,0,0,0,0,0,0,0,0,42.0255827,-88.1784085
Mazon,1721,902,819,1695,0,0,31,0,0,99,1622,73438,36.6,156388.42,0,0,0,0,0,0,0,0,41.2414217,-88.4195101
Prophetstown,3245,1627,1618,3181,61,15,35,14,0,36,3209,59000,47.4,110079.25,0,0,0,0,1,0,0,0,41.6714198,-89.9362249
Bellflower,494,238,256,493,0,22,0,0,0,0,494,52969,47.9,99050.58,0,0,0,0,0,0,0,0,40.3400336,-88.5270053
Iroquois,175,87,88,165,9,2,1,0,1,0,175,57500,52.7,54862.5,0,0,0,0,0,0,0,0,40.8275356,-87.5819743
Park Ridge,37736,18368,19368,35465,298,0,2258,101,421,2283,35453,102494,44.3,452986.67,0,2,4,15,51,273,17,4,42.0111412,-87.8406192
Buckley,777,422,355,762,7,0,0,0,8,32,745,47955,48.8,67385.5,0,0,0,0,0,0,0,0,40.5969794,-88.0380959
Illinois City,1283,611,672,1283,0,7,0,0,158,158,1125,73636,41.7,169563.92,0,0,0,0,0,0,0,0,41.3975305,-90.8995898
Wayne,2357,1160,1197,2182,0,0,175,0,0,39,2318,132629,50.4,503301.33,0,0,0,0,1,4,0,0,41.9508609,-88.2422971
Chillicothe,11191,5630,5561,10950,31,8,216,0,18,335,10856,59758,43.4,121068,0,3,1,17,23,69,7,2,40.9222589,-89.4862025
Frankfort,30938,15173,15765,28019,1677,75,1044,0,462,1768,29170,108295,42.8,315633.5,0,1,0,8,21,154,12,2,41.4958665,-87.8486613
Princeton,10680,4917,5763,10382,61,67,81,8,188,742,9938,59638,46.9,116978.67,0,11,1,10,26,128,6,0,41.3680919,-89.4648145
Delavan,2765,1358,1407,2727,20,13,10,0,6,115,2650,59798,41.8,106988.42,0,0,0,2,22,21,1,0,40.3725415,-89.5473245
Posen,5780,2811,2969,4353,1015,151,71,0,450,3075,2705,47010,30.2,113429.33,0,1,6,7,14,82,20,0,41.6317008,-87.681437
Sheldon,1626,784,842,1536,54,43,5,0,65,47,1579,48355,45.4,55162.25,0,0,0,0,0,0,0,0,40.7692032,-87.5639173
Tiskilwa,1428,718,710,1414,13,9,5,0,6,38,1390,47619,47,76631.83,0,0,0,0,0,0,0,0,41.2922592,-89.5062042
Oneida,1170,605,565,1134,27,46,0,0,9,9,1161,74306,37.6,82449.67,0,0,0,0,0,0,0,0,41.0722596,-90.2254002
Georgetown,4918,2510,2408,4756,156,26,20,9,8,43,4875,43750,41,54009.17,1,3,1,11,17,49,6,0,39.9753144,-87.6358546
La Grange Park,13546,6437,7109,12364,618,30,307,11,480,1697,11849,95085,41.2,343374.17,0,0,2,3,16,46,0,0,41.8347535,-87.861726
Dunlap,9188,4553,4635,7211,306,47,1670,0,235,306,8882,122000,36.2,244723.75,0,0,0,0,0,0,0,0,40.8617037,-89.6787105
Oregon,6382,3117,3265,6322,90,26,7,11,14,276,6106,59519,51.1,122098.17,0,0,0,0,0,0,0,0,42.0147513,-89.3323279
Niles,29743,14246,15497,22349,1031,96,6072,134,722,3337,26406,60708,47.7,330427.58,1,5,11,17,63,514,28,2,42.0189191,-87.8028402
Kenney,461,229,232,461,0,3,0,0,0,0,461,53261,56.4,77638.92,0,0,0,0,0,0,0,0,40.0967053,-89.0859189
Metamora,11950,5873,6077,11793,97,88,213,0,19,142,11808,88233,41.8,214191.25,0,0,0,0,0,0,0,0,40.7905919,-89.3606433
Bryant,230,119,111,230,0,1,9,0,0,0,230,53750,54.3,52756.42,0,0,0,0,0,0,0,0,40.4661513,-90.0917851
Buda,885,441,444,855,0,0,30,0,0,0,885,46023,44.6,50763.75,0,0,0,0,0,0,0,0,41.3261476,-89.6789874
Kaneville,69,35,34,69,0,0,0,0,0,0,69,66875,60.4,247508.58,0,0,0,0,0,0,0,0,41.8353062,-88.5220233
Cabery,481,246,235,479,0,2,0,0,0,15,466,70833,48.2,91323.5,0,0,0,0,0,0,0,0,40.9958657,-88.2053282
Raritan,60,28,32,60,0,7,0,0,0,0,60,46667,63.5,47391,0,0,0,0,0,0,0,0,40.6958732,-90.8273591
Elmwood,2699,1319,1380,2653,0,0,60,0,0,31,2668,70750,43.4,117759.25,0,0,0,2,3,7,0,0,40.7778151,-89.9665017
Cissna Park,1485,761,724,1476,0,0,7,7,2,15,1470,55298,48.2,91162.42,0,0,0,0,0,0,0,0,40.5647578,-87.8930897
Washington,24974,11943,13031,24009,669,83,591,10,170,511,24463,70785,38.8,152146.08,0,5,1,24,36,153,4,1,40.7036482,-89.4073123
Antioch,24066,12076,11990,22792,869,89,630,31,402,1662,22404,82692,43.3,203155.5,0,8,2,10,12,150,3,0,42.4772418,-88.0956396
Coal City,9164,4645,4519,8946,174,14,121,0,56,442,8722,73245,36,178043.17,0,0,0,0,0,0,0,0,41.2878097,-88.2856185
Princeville,3263,1630,1633,3190,22,11,80,2,0,208,3055,62241,41.8,141079.83,0,0,0,0,0,0,0,0,40.9297591,-89.7576022
Round Lake,61706,31573,30133,49654,4575,538,3925,169,4700,25342,36364,72175,33.2,157523.17,0,0,3,15,14,84,10,0,42.353355,-88.0934145
Wenona,1421,662,759,1409,13,5,0,0,9,48,1373,58289,39.1,70692.58,0,0,0,0,0,0,0,0,41.0525331,-89.0503587
Lisle,28178,13905,14273,22827,1529,208,3691,18,636,2055,26123,82952,37.7,354210.33,0,4,5,7,20,74,12,0,41.801141,-88.0747875
Bardolph,294,128,166,294,0,0,0,0,0,0,294,21250,39.1,30268.33,0,0,0,0,0,0,0,0,40.4950406,-90.5645735
Carlock,1703,973,730,1597,105,0,16,0,10,13,1690,85795,35.6,150865.08,0,0,0,0,0,0,0,0,40.5822588,-89.1320251
Naperville,41451.75,20379.5,21072.25,31278,2553,228.25,8133.5,42.25,443.25,2501.5,38950.25,121516.75,39.25,411188.75,0,0,0,0,0,0,0,0,41.7858629,-88.1472893
New Boston,1198,617,581,1183,25,5,1,0,9,34,1164,49063,45,75687.33,0,0,0,0,0,0,0,0,41.1703108,-90.9968113
Hoffman Estates,24658.5,12160.5,12498,14246,1476.5,170.5,6855.5,19.5,2827,4244,20414.5,97144,39.1,301039.165,1,14,9,24,45,349,23,0,42.0428052,-88.079795
Gladstone,972,484,488,972,0,2,0,0,0,18,954,57375,37.8,76096.5,0,0,0,0,0,0,0,0,40.864483,-90.9612528
Hanover,959,454,505,904,24,43,4,0,7,11,948,43370,53.4,91010.75,0,0,0,0,0,0,0,0,42.2564051,-90.2795734
Bourbonnais,29969,13951,16018,26505,3071,58,641,31,350,2240,27729,68512,34.4,195063.58,0,7,2,24,16,130,8,1,41.1416991,-87.8750429
Carol Stream,42602,20943,21659,29382,3324,333,8380,59,1983,6156,36446,82232,38,266229.33,0,7,10,16,48,336,27,2,41.9125286,-88.1347927
Bridgeview,16479,7780,8699,13871,754,146,1121,56,958,3748,12731,53893,36.5,207629.58,0,3,8,19,31,270,18,1,41.7500323,-87.8042216
Downers Grove,28917,13982.5,14934.5,25942.5,1047.5,95.5,1895.5,15.5,304,1489.5,27427.5,88711.5,43.45,382383.58,0,15,9,25,71,466,26,3,41.8089191,-88.0111746
Vermont,832,406,426,815,2,0,4,0,11,11,821,50556,43.6,51498.58,0,0,0,0,0,0,0,0,40.2942106,-90.4279033
Robbins,4870,2537,2333,475,4420,43,12,0,25,308,4562,26661,36.4,53821.86,2,3,5,28,8,26,23,3,41.6439227,-87.7036602
Little York,578,310,268,530,0,11,37,0,0,3,575,51875,39.1,64963.17,0,0,0,0,0,0,0,0,41.0111483,-90.7462496
Normal,55222,25848,29374,46040,6665,312,3100,25,464,2917,52305,55434,24.7,164404.5,2,35,21,61,119,843,23,0,40.5142026,-88.9906312
Manito,3767,1889,1878,3716,69,17,7,6,5,66,3701,63387,45.7,98991.33,0,0,0,0,0,0,0,0,40.4258736,-89.7792762
Mossville,146,60,86,146,0,0,0,0,0,0,146,32857,34.6,86537.83,0,0,0,0,0,0,0,0,40.8155926,-89.5678728
Pontiac,14026,7479,6547,12422,1392,95,192,0,125,709,13317,52017,41.1,100024.33,0,0,4,36,21,149,2,1,40.8808666,-88.6297839
Lake Villa,35286,17646,17640,32294,900,131,1733,17,858,3137,32149,96024,40.3,208693.58,1,4,0,4,3,29,1,0,42.4169651,-88.0739708
Manhattan,10531,5375,5156,10324,38,25,66,0,132,488,10043,91700,34.3,248321.92,0,0,0,2,4,20,2,0,41.4225316,-87.9858863
Galena,6620,3161,3459,6575,21,14,0,0,35,430,6190,59934,56.2,186850.33,0,0,0,1,12,71,2,0,42.4166744,-90.4290168
Loda,1496,779,717,1375,42,0,18,0,61,24,1472,69250,47.3,159395.25,0,0,0,0,0,0,0,0,40.5175349,-88.0719857
Streator,19054,9651,9403,17814,738,221,229,0,333,1560,17494,48564,44.5,64166.25,1,22,1,7,25,270,7,7,41.1208668,-88.835352
Crescent City,775,345,430,774,6,5,1,0,0,11,764,55250,39.8,81951.58,0,0,0,0,0,0,0,0,40.7700351,-87.8589251
Wyoming,1927,929,998,1902,6,14,25,0,0,14,1913,56286,47.6,75402.33,0,0,0,0,0,0,0,0,41.0617037,-89.7731578
Union,2077,988,1089,2074,3,0,0,0,0,34,2043,53500,40.1,244814,0,0,0,0,0,0,0,0,42.2330782,-88.5423132
Congerville,1201,614,587,1188,7,10,8,0,6,17,1184,77813,39.6,182785.17,0,0,0,0,0,0,0,0,40.6169813,-89.2042501
Brimfield,3274,1769,1505,3229,67,2,0,0,13,8,3266,83929,44.1,180531.92,0,0,0,0,0,0,0,0,40.838926,-89.8864976
Lawndale,83,45,38,83,0,0,0,0,0,0,83,66250,46.9,67263,0,0,0,0,0,0,0,0,40.2180969,-89.2825925
Knoxville,3837,1729,2108,3806,40,4,20,0,14,101,3736,55801,42.6,98284.67,0,0,0,0,0,0,0,0,40.9083715,-90.2848476
La Harpe,1787,858,929,1787,14,10,0,0,0,28,1759,44500,43.8,77262.25,0,0,0,0,3,0,0,0,40.5833749,-90.9693057
Hennepin,1326,692,634,1310,22,9,8,0,0,38,1288,64219,44.3,112362.17,0,0,0,0,0,0,0,0,41.2542033,-89.3423112
Medinah,2502,1316,1186,2240,11,0,245,0,6,0,2502,105644,42.5,345948,0,0,0,0,0,0,0,0,41.9814174,-88.0511813
La Fayette,337,186,151,337,0,0,0,0,0,6,331,36667,48.9,55364.42,0,0,0,0,0,0,0,0,41.1096063,-89.9735218
Allerton,346,162,184,336,4,0,5,0,4,3,343,59583,41,89129.17,0,0,0,0,0,0,0,0,39.9161024,-87.9352579
Bellwood,18999,8828,10171,2590,14949,66,236,0,1366,3299,15700,55640,37.6,167169.42,0,0,0,0,0,0,0,0,41.8814197,-87.883117
Mansfield,1197,585,612,1197,1,23,0,0,5,56,1141,62143,44.7,136921.75,0,0,0,0,0,0,0,0,40.211422,-88.5061721
Foosland,383,187,196,383,0,0,0,0,0,3,380,82813,52.6,109745.75,0,0,0,0,0,0,0,0,40.3614224,-88.4281125
Deerfield,27452,13323,14129,25020,336,90,2122,5,165,981,26471,142409,43.6,489269.25,1,1,1,1,16,115,6,0,42.1711365,-87.8445119
East Moline,23679,12179,11500,18711,3828,125,1035,4,1154,3865,19814,49343,40,104697.58,0,0,0,0,0,0,0,0,41.5008673,-90.4442979
Goodfield,1250,641,609,1247,3,0,0,0,0,0,1250,94231,43.9,247869.25,0,0,0,0,1,26,0,0,40.6297593,-89.2748084
Glenview,27566,13358.5,14207.5,22726.5,472,60,4584.5,39.5,285,1930,25636,104878,44.4,571678.25,0,7,5,22,60,331,31,1,42.0697509,-87.7878408
Oglesby,4483,2263,2220,4330,124,13,69,0,52,344,4139,59219,41.8,96727.08,0,0,0,0,0,0,0,0,41.2953127,-89.0595266
Donovan,537,265,272,535,37,8,3,1,3,16,521,55000,39.3,78745.42,0,0,0,0,0,0,0,0,40.883368,-87.6161428
Sciota,203,113,90,203,2,0,0,0,0,0,203,76563,50.3,64606.58,0,0,0,0,0,0,0,0,40.5608731,-90.7517996
Forrest,1703,860,843,1690,12,15,0,0,7,77,1626,70385,34.5,92345.17,0,0,0,0,0,0,0,0,40.7519792,-88.4111647
Poplar Grove,10360,5407,4953,9637,562,252,83,9,65,1052,9308,70056,34.8,149040.42,0,0,0,0,0,0,0,0,42.3683522,-88.822047
Orland Park,33466.5,16226,17240.5,29776,1179,183.5,2082.5,27,766.5,2499,30967.5,90841,46.45,324603.585,1,1,5,13,29,963,23,2,41.6303103,-87.8539425
Glendale Heights,34364,17164,17200,19839,3400,390,8446,256,4087,10753,23611,65865,33.7,219150.33,0,0,12,6,32,332,33,2,41.9103068,-88.0717353
Bradley,10121,4997,5124,9177,481,12,68,14,425,1356,8765,55152,33.5,111260.17,0,3,3,11,31,403,8,2,41.1419768,-87.8611535
Ivesdale,295,147,148,295,0,0,0,0,0,0,295,64167,46.4,107793.83,0,0,0,0,0,0,0,0,39.9433658,-88.4553363
Wauconda,16612,8157,8455,14554,141,88,994,0,1168,3365,13247,80529,38.7,240301.58,0,0,0,0,0,0,0,0,42.2589122,-88.1392474
Plano,13259,6773,6486,11348,1478,58,157,22,503,3754,9505,72542,33.1,175292.58,0,4,1,4,8,61,3,1,41.6628076,-88.5370197
Fulton,5341,2729,2612,5268,28,47,29,13,27,47,5294,59572,45.9,116658.67,0,0,0,9,9,36,3,0,41.8672508,-90.1595705
Villa Park,28801,14226,14575,23324,1850,150,3069,20,1237,6476,22325,69488,37.9,243959.67,0,8,7,12,25,191,16,1,41.8897519,-87.9889543
South Holland,22201,10368,11833,3768,18020,37,132,6,391,1058,21143,62951,40.8,149038.92,2,19,31,16,89,352,100,0,41.6008681,-87.6069894
Secor,743,380,363,737,0,4,1,0,8,9,734,92574,42.2,143718.83,0,0,0,0,0,0,0,0,40.7419799,-89.1353567
Hometown,4308,1961,2347,4096,110,5,7,0,147,699,3609,49359,38.7,133647.75,0,0,2,1,3,12,0,0,41.7344774,-87.731441
Carbon Cliff,1239,605,634,827,412,0,12,0,29,75,1164,34033,26.6,80094.75,0,0,0,0,0,0,0,0,41.4947564,-90.3906844
Pecatonica,4260,2271,1989,4253,71,0,26,0,7,51,4209,69306,40.1,127084.92,0,0,0,0,0,0,0,0,42.3139078,-89.3592788
Ransom,497,260,237,497,0,3,0,0,0,11,486,82500,47,104742.92,0,0,0,0,0,0,0,0,41.1561445,-88.6495133
Homewood,20227,9684,10543,10657,8901,90,560,0,523,1096,19131,73251,42.3,168403.83,1,9,23,13,55,678,53,2,41.5572567,-87.6656015
Lomax,500,217,283,500,5,0,0,0,7,21,479,38750,47.9,57735.25,0,0,0,0,0,0,0,0,40.67893,-91.072921
Washburn,1787,940,847,1781,21,15,23,0,0,25,1762,52688,38.4,79896.5,0,0,0,0,0,0,0,0,40.919202,-89.2911973
Newark,3660,1878,1782,3639,27,76,8,0,1,99,3561,85179,36.6,244833.5,0,0,0,0,0,0,0,0,41.536975,-88.5834068
Stone Park,4923,2576,2347,2459,173,25,154,0,2179,4360,563,59022,30.3,167461.92,0,0,0,0,0,0,0,0,41.9055862,-87.8836732
Hanover Park,38400,18993,19407,22070,2764,242,6547,52,8049,15347,23053,74883,33.9,217028.25,0,7,12,24,35,147,12,0,41.9994722,-88.1450735
Kinsman,183,86,97,183,0,0,0,0,0,3,180,47031,38.8,91394,0,0,0,0,0,0,0,0,41.1897554,-88.569512
Victoria,447,242,205,447,0,4,0,0,0,4,443,48684,53.2,62609.17,0,0,0,0,0,0,0,0,41.0336485,-90.0984504
Palatine,38827.5,19134.5,19693,28040,1209,307,5284,46,5548.5,7741.5,31086,82612,39.7,339985,1,11,7,9,26,317,15,0,42.1103041,-88.03424
Chana,1107,506,601,1105,0,0,0,0,2,2,1105,81250,42.4,131889.75,0,0,0,0,0,0,0,0,41.9805848,-89.2198238
Westchester,16573,7835,8738,11695,3065,50,691,125,1491,3575,12998,80412,45.7,242953,0,2,9,8,41,126,5,2,41.8505866,-87.8820048
Wonder Lake,10826,5811,5015,10678,64,159,115,0,83,1019,9807,72719,41.4,157461.83,0,0,0,0,0,0,0,0,42.3852983,-88.3473126
Deer Grove,248,110,138,248,0,0,0,0,0,1,247,100972,57.2,90249.33,0,0,0,0,0,0,0,0,41.607811,-89.689547
Fithian,715,309,406,704,12,5,0,0,3,5,710,63393,56,99500.17,0,0,0,0,0,0,0,0,40.1139242,-87.8730857
Annawan,1267,606,661,1237,22,11,0,0,12,44,1223,54625,47.8,112746.33,0,0,0,1,0,8,0,0,41.3972573,-89.9045518
Reddick,725,375,350,706,16,0,0,0,19,19,706,75000,40.9,124382.67,0,0,0,0,0,0,0,0,41.0982752,-88.2486749
Cary,25827,13124,12703,24461,586,51,949,10,314,2240,23587,98377,40.6,237906.58,0,7,4,9,17,91,2,0,42.2119684,-88.2381381
South Beloit,10440,5071,5369,9969,471,78,125,22,221,1099,9341,61419,36.7,134482.67,3,0,4,6,17,80,5,0,42.4930708,-89.0367764
Prairie City,537,253,284,520,18,0,20,0,0,23,514,47222,43,27038.08,0,0,0,0,0,0,0,0,40.6211512,-90.4620731
Richton Park,14055,6720,7335,1571,12225,180,254,0,262,393,13662,55625,37.9,136583.5,0,7,27,21,40,235,56,0,41.484479,-87.7033787
Roscoe,19165,9480,9685,17932,509,28,809,0,79,462,18703,84563,39.8,183045.58,0,0,1,9,23,66,4,0,42.4133505,-89.0092742
Mineral,376,196,180,371,2,5,0,3,0,0,376,46250,45.2,56570.25,0,0,0,0,0,0,0,0,41.3825354,-89.8364934
Canton,16806,9163,7643,15498,1285,141,59,10,52,788,16018,47362,41.7,75753.5,0,0,0,0,0,0,0,0,40.5580945,-90.0351167
Peru,10589,4801,5788,10289,158,17,116,10,226,882,9707,50809,46.4,110655.17,0,5,1,4,12,133,4,1,41.3275349,-89.1289728
Orion,3243,1651,1592,3190,45,10,12,0,47,53,3190,70766,45.7,149116.83,0,0,0,3,1,12,0,0,41.3547575,-90.3815165
Zion,30934,14888,16046,20463,8481,445,1330,86,1742,8837,22097,54685,33.9,136118.08,4,36,45,63,129,553,39,4,42.4461322,-87.8328505
Saint Augustine,292,138,154,292,0,0,0,0,0,0,292,51875,40.7,57882.83,0,0,0,0,0,0,0,0,40.7183728,-90.4109616
Lake Forest,21131,10472,10659,18890,520,94,1836,7,142,1013,20118,171913,46.6,808297.42,0,0,0,0,0,0,0,0,42.2586342,-87.840625
Highwood,5366,2753,2613,4377,243,31,157,0,595,2570,2796,57563,37.8,321815.5,0,1,1,2,0,33,0,0,42.1997468,-87.8092335
Davis Junction,3131,1612,1519,3045,72,7,22,0,46,331,2800,68654,33.3,160326.83,0,0,0,0,0,0,0,0,42.1016919,-89.0931574
Leland,1759,907,852,1737,0,14,0,0,26,176,1583,66971,42.8,159956.67,0,0,0,0,0,2,0,0,41.6125306,-88.7995237
Cropsey,194,87,107,194,0,0,0,0,0,0,194,112578,44.4,86411.75,0,0,0,0,0,0,0,0,40.6092009,-88.4786678
Roseville,1509,740,769,1460,20,3,0,0,29,30,1479,44883,39.3,74290.25,0,0,0,0,0,0,0,0,40.7322617,-90.6645784
Wheeling,38476,19722,18754,24056,1499,498,7431,130,5871,11769,26707,66243,37.3,244433.58,1,13,1,12,53,257,12,0,42.1391928,-87.9289591
Morris,20460,10200,10260,19741,444,102,182,6,335,1698,18762,72122,42.8,194058.17,0,4,5,7,13,212,13,0,41.357254,-88.4211785
Farmer City,2727,1345,1382,2709,0,66,0,9,7,7,2720,60404,48,105040.08,0,0,0,0,0,0,0,0,40.2433676,-88.6425668
Elgin,40737.3333333333,20430.3333333333,20307,27665,2847.33333333333,595,2619.66666666667,46.6666666666667,8316,17333,23404.3333333333,76462.6666666667,36.5,229937.303333333,3,48,57,127,172,1455,86,7,42.0372487,-88.2811895
Pearl City,1803,952,851,1767,20,23,5,0,31,55,1748,72500,46.4,129577.25,0,0,0,0,0,0,0,0,42.265297,-89.8259532
Winthrop Harbor,6803,3330,3473,6329,148,70,146,0,145,561,6242,87446,44.8,175180.17,0,4,1,7,4,16,3,0,42.4789098,-87.8236841
Cerro Gordo,1712,880,832,1711,4,14,15,0,0,1,1711,62132,38.2,94771.25,0,0,0,0,0,0,0,0,39.8905912,-88.7281262
Ellsworth,476,237,239,467,6,0,6,0,0,0,476,71442,42.5,128544.67,0,0,0,0,0,0,0,0,40.4503125,-88.7167336
Gilson,650,301,349,641,18,0,0,0,19,48,602,65417,54.6,87557.67,0,0,0,0,0,0,0,0,40.8617048,-90.2015111
Saint Charles,28569.5,13917,14652.5,26375.5,612,224.5,1097,33,885.5,2423.5,26146,116291,42.5,335162.165,0,0,0,0,0,0,0,0,41.9141945,-88.3086867
Rock Falls,13997,6945,7052,13169,472,81,22,0,444,1957,12040,52355,41.9,94616.33,0,2,0,9,23,61,5,0,41.7797533,-89.6889967
Adair,444,274,170,444,0,0,0,0,0,12,432,68594,54.6,62941.75,0,0,0,0,0,0,0,0,40.4189309,-90.4967942
Chenoa,2427,1248,1179,2366,55,3,21,0,17,79,2348,61442,41.1,96874.42,0,0,0,2,4,3,0,0,40.7417014,-88.7197856
Mark,245,117,128,245,0,0,0,0,0,4,241,77708,47.7,61886.5,0,0,0,0,0,0,0,0,41.2644805,-89.2500869
Channahon,12791,6523,6268,12283,138,167,99,0,280,1254,11537,89398,37,241977.58,0,4,0,5,15,42,1,0,41.4294753,-88.2286735
Piper City,1060,537,523,1006,0,19,5,0,39,48,1012,52411,50.4,58272.92,0,0,0,0,0,0,0,0,40.756702,-88.191158
Danville,21848,10875,10973,16141.5,5613,66,272,29.5,175,1163,20685,50180,40.2,86472.04,12,53,103,391,379,1052,77,15,40.124481,-87.6300207
Crest Hill,18254,9650,8604,13420,3590,252,769,0,909,3334,14920,54530,39.1,172916.83,1,16,9,16,29,148,26,0,41.554753,-88.0986709
Earlville,3543,1772,1771,3406,76,9,23,2,38,294,3249,56111,43.7,133596.75,0,0,0,0,0,0,0,0,41.5894754,-88.9220265
Hudson,2720,1298,1422,2688,37,0,8,0,14,11,2709,83750,39.7,191283.67,0,0,0,0,1,3,0,0,40.6058688,-88.9872965
Fenton,337,172,165,337,0,0,0,0,0,0,337,85703,46.9,131216.92,0,0,0,0,0,0,0,0,41.7305855,-90.0301192
North Chicago,15705,7782,7923,6595,6166,67,686,12,3192,7761,7944,34911,30.7,98365.5,0,0,0,0,0,0,0,0,42.325578,-87.8411818
Momence,5846,3289,2557,5204,478,59,17,0,398,839,5007,60331,43,112642.25,0,0,1,3,13,26,6,1,41.1667001,-87.662815
Grayslake,36817,18255,18562,32498,1470,205,2539,62,1236,4190,32627,87449,40.9,219686.75,0,5,3,19,28,134,6,0,42.3444664,-88.041746
Melvin,686,339,347,676,1,4,12,0,2,32,654,51875,34.9,49701.83,0,0,0,0,0,0,0,0,40.5675346,-88.2478272
Sycamore,22413,10927,11486,20846,914,109,561,0,453,1647,20766,73524,37.7,204574.08,0,3,2,5,14,155,3,1,41.9889173,-88.6867538
Shannon,1253,613,640,1220,5,0,24,2,10,32,1221,43646,50.7,106278.58,0,0,0,0,0,4,0,0,42.1547457,-89.7398389
Colfax,1311,594,717,1286,10,22,0,0,19,52,1259,60333,41.5,95007.83,0,0,0,0,0,0,0,0,40.5669788,-88.6164508
Galesburg,33685,17411,16274,27683,4743,306,645,0,1028,2478,31207,38710,41.4,68229.25,0,0,0,0,0,0,0,0,40.9478158,-90.3712395
Stanford,1120,653,467,1108,10,7,5,0,5,18,1102,72206,36,97693.33,0,0,0,0,0,0,0,0,40.4347608,-89.2178643
Ringwood,1021,530,491,968,12,0,37,0,4,21,1000,116667,46.6,288286,0,0,0,0,0,0,0,0,42.3922427,-88.2970335
Spring Valley,5585,2706,2879,4927,272,47,107,0,394,861,4724,49112,40.7,77548.25,0,1,0,7,11,79,0,0,41.3275352,-89.1998077
Lacon,2770,1360,1410,2725,28,20,6,0,0,37,2733,57137,46,91679.33,0,0,0,4,3,13,0,0,41.0247583,-89.4112007
Cicero,83147,41769,41378,31994,3201,613,583,43,47835,74180,8967,47487,30,188082.83,4,34,127,149,364,1295,111,16,41.8455878,-87.7539448
Wilmette,27367,13355,14012,23364,251,37,4369,71,66,794,26573,154614,45.3,761395.17,0,0,0,13,61,186,12,0,42.0722513,-87.7228384
Sheridan,5500,3754,1746,4369,1159,43,29,0,2,335,5165,68750,38.2,174564.83,0,0,0,0,0,0,0,0,41.5300309,-88.6797969
Chicago Ridge,14254,6854,7400,11775,1693,0,564,85,339,1326,12928,42306,33.9,193461.33,0,2,9,7,15,328,15,0,41.7014217,-87.7792196
Longview,221,118,103,221,1,5,0,0,0,5,216,43875,34.4,77029.25,0,0,0,0,0,0,0,0,39.8867002,-88.0664274
Mount Morris,3674,1707,1967,3652,35,0,16,0,22,82,3592,52313,45.2,83739.5,0,0,1,0,3,13,0,0,42.0503062,-89.4312201
Island Lake,8420,4446,3974,8153,134,0,228,9,116,1113,7307,76223,40.6,178588,0,0,0,0,0,0,0,0,42.2761341,-88.1920272
Olympia Fields,4917,2272,2645,1081,3832,13,127,0,11,0,4917,99595,49.2,217272.08,0,1,4,2,17,327,9,0,41.513368,-87.6742119
Mapleton,4138,2071,2067,4104,13,0,0,9,24,68,4070,94688,42.9,171870.08,0,0,0,0,0,0,0,0,40.5664276,-89.7317726
Rochelle,14289,7438,6851,12785,463,242,128,16,963,3403,10886,54797,38,122508.5,0,0,0,0,0,0,0,0,41.9239178,-89.0687074
Chatsworth,1517,757,760,1485,81,0,7,0,40,124,1393,38438,38.8,47514.67,0,0,0,0,0,0,0,0,40.7536464,-88.2919947
Dana,248,102,146,248,0,0,0,0,0,13,235,51250,46.4,74075.08,0,0,0,0,0,0,0,0,40.9578103,-88.9500761
Fisher,2368,1166,1202,2343,14,11,33,18,0,46,2322,62400,37.8,144026.5,0,1,0,1,8,22,0,0,40.3147555,-88.3500541
Bondville,259,133,126,256,0,1,5,0,0,27,232,61250,45.5,116035.33,0,0,0,0,0,0,0,0,40.1133655,-88.3694996
Capron,2432,1319,1113,2286,15,26,0,0,148,642,1790,59565,36.1,142447.75,0,0,0,0,0,0,0,0,42.3997408,-88.7403793
Clarendon Hills,10109,4929,5180,8951,103,187,999,29,179,1026,9083,106866,40.6,576794.08,0,0,0,7,9,31,2,0,41.7975307,-87.9547835
Stronghurst,1210,583,627,1208,10,0,0,0,0,7,1203,51389,44.3,66805.83,0,0,0,0,0,0,0,0,40.7469845,-90.9040284
Waukegan,48764,24462,24302,28440.5,8969,734,2660,43,9763.5,27580.5,21183.5,51092.5,32.85,133244.71,0,0,0,0,0,0,0,0,42.3636331,-87.8447938
Richmond,3581,1747,1834,3404,85,137,80,6,13,313,3268,62750,41.7,250013.33,0,3,1,7,4,15,1,0,42.4758522,-88.3059251
Williamsfield,870,403,467,863,7,0,1,0,0,24,846,52500,42.1,79948.08,0,0,0,0,0,0,0,0,40.9225373,-90.0145584
Cortland,4356,2277,2079,3844,345,0,90,0,108,729,3627,69694,30.5,170664.42,0,0,0,2,5,23,0,0,41.9200288,-88.6886963
Toluca,1656,785,871,1615,18,7,10,6,10,203,1453,54205,50.9,62964.67,0,0,0,3,2,7,0,0,41.0022556,-89.133416
Rapids City,479,226,253,464,8,1,15,0,9,9,470,74375,41.5,142288.17,0,0,0,0,0,0,0,0,41.5817,-90.3434615
Champaign,31522.3333333333,15876,15646.3333333333,21793.6666666667,5679.33333333333,176.333333333333,4356.66666666667,16,404.666666666667,1887.33333333333,29635,55093,32.4,151352.276666667,7,72,83,440,276,1637,85,10,40.1164205,-88.2433829
Byron,7805,3736,4069,7627,190,8,71,10,57,393,7412,76620,38.1,172607.58,0,1,0,0,3,31,0,0,42.1269692,-89.2556618
Elliott,312,160,152,312,0,0,0,0,0,0,312,52031,40.4,62093.25,0,0,0,0,0,0,0,0,40.4647562,-88.2722728
Cameron,519,228,291,513,0,0,0,0,6,6,513,80179,49.3,80573.08,0,0,0,0,0,0,0,0,40.8889273,-90.5173548
Verona,934,483,451,927,0,0,0,0,7,67,867,85214,40.8,164813.5,0,0,0,0,0,0,0,0,41.2178109,-88.5014557
Strawn,327,157,170,325,0,0,0,0,2,23,304,81250,44.5,70447.67,0,0,0,0,0,0,0,0,40.6525346,-88.3964427
Crystal Lake,29700.5,14854.5,14846,28170,487.5,182.5,849.5,8.5,401.5,3224.5,26476,107453.5,43.9,272038.045,0,12,4,22,37,602,9,0,42.2411344,-88.3161965
Chebanse,2389,1263,1126,2226,79,0,7,0,127,247,2142,68594,35.5,141120.25,0,0,0,0,0,0,0,0,41.003088,-87.9080965
Arlington,511,261,250,484,7,5,0,0,22,26,485,75750,46.7,89314.75,0,0,0,0,0,0,0,0,41.4736452,-89.2492531
Stillman Valley,3085,1473,1612,3037,0,0,29,0,24,156,2929,70304,46.5,167828,0,0,0,0,0,0,0,0,42.1072475,-89.1792706
Fairbury,4577,2225,2352,4498,0,0,79,0,0,391,4186,53993,38.5,114509.33,0,0,0,0,0,0,0,0,40.7472566,-88.5147789
Kirkwood,1025,514,511,1011,0,0,0,0,14,14,1011,66250,45.7,72555.25,0,0,0,0,0,0,0,0,40.8658717,-90.7484703
Gurnee,37172,18049,19123,28374,3285,430,5463,111,1147,4820,32352,93028,39.3,243986.5,0,17,14,13,53,1007,25,1,42.3702996,-87.9020186
Varna,1157,603,554,1120,0,0,8,0,32,48,1109,64706,56.2,152805.92,0,0,0,0,0,0,0,0,41.0364236,-89.2261963
Minier,1529,760,769,1515,4,14,0,0,0,66,1463,65268,43.8,112873,0,0,0,0,0,0,0,0,40.4336504,-89.3131465
Mc Connell,445,241,204,445,0,0,0,0,0,0,445,53269,49.6,79880.42,0,0,0,0,0,0,0,0,,
Berwick,286,139,147,281,0,0,5,0,0,5,281,61667,50.9,85007.42,0,0,0,0,0,0,0,0,,
Bristol,1184,566,618,1184,0,0,0,0,0,0,1184,64482,48.9,236697.33,0,0,0,0,0,0,0,0,,
New Windsor,1161,629,532,1150,18,3,2,0,0,20,1141,70368,47.8,89287.83,0,0,0,0,0,0,0,0,,
Osco,201,115,86,201,0,0,0,0,0,8,193,67031,53.7,134471.5,0,0,0,0,0,0,0,0,,
Eola,63,24,39,63,0,0,0,0,0,23,40,83750,43.3,214112.75,0,0,0,0,0,0,0,0,,
Taylor Ridge,2110,1010,1100,2032,11,7,33,0,56,42,2068,83538,52.1,171831.08,0,0,0,0,0,0,0,0,,
Edwards,3127,1647,1480,2778,0,0,341,0,21,244,2883,105918,39.7,239963.17,0,0,0,0,0,0,0,0,,
Lane,154,104,50,154,0,12,0,0,0,0,154,58650,25.8,67665.92,0,0,0,0,0,0,0,0,,
Laura,331,185,146,331,4,0,0,0,0,0,331,69821,45.8,76412.25,0,0,0,0,0,0,0,0,,
Dewitt,454,218,236,451,0,25,1,0,3,0,454,59583,42.4,112995,0,0,0,0,0,0,0,0,,
Nachusa,111,50,61,108,5,0,7,0,7,5,106,71364,36.2,61245.08,0,0,0,0,0,0,0,0,,
Ingleside,8897,4348,4549,8535,99,23,84,144,122,1049,7848,65117,42.7,172814.33,0,0,0,0,0,0,0,0,,
Blackstone,209,104,105,209,0,0,0,0,0,0,209,56944,42.8,110578.25,0,0,0,0,0,0,0,0,,
Depue,1454,816,638,1045,10,22,11,0,396,948,506,51364,37.1,35030.67,0,0,0,0,0,0,0,0,,
Barstow,123,62,61,113,0,2,0,1,28,28,95,48977,25,67088.5,0,0,0,0,0,0,0,0,,
Armstrong,381,182,199,351,0,0,4,3,30,30,351,68500,54.5,68940.92,0,0,0,0,0,0,0,0,,
Speer,65,34,31,65,0,0,0,0,0,0,65,17969,29.4,132620.08,0,0,0,0,0,0,0,0,,
Groveland,1697,966,731,1662,16,41,0,0,0,0,1697,81964,41.6,180972.58,0,0,0,0,0,0,0,0,,
Lowpoint,700,361,339,692,0,0,5,0,3,8,692,53542,36.2,117541,0,0,0,0,0,0,0,0,,
Carman,375,181,194,375,0,0,0,0,0,11,364,55781,60.6,72470.17,0,0,0,0,0,0,0,0,,
Dekalb,45325,22102,23223,34361,7462,125,2584,116,2018,5911,39414,44747,25,144795.58,0,0,0,0,0,0,0,0,,
Trivoli,1184,542,642,1145,0,43,16,10,0,9,1175,77763,54,145870.5,0,0,0,0,0,0,0,0,,
Putnam,560,268,292,533,14,0,13,0,0,0,560,62857,63.7,139019.25,0,0,0,0,0,0,0,0,,
Van Orin,118,59,59,118,0,0,0,0,0,0,118,84167,66.5,66088.33,0,0,0,0,0,0,0,0,,
Dundee,15836,7943,7893,13818,213,192,1119,18,744,1536,14300,88264,46.5,273997.25,0,0,0,0,0,0,0,0,,
Mc Nabb,441,236,205,429,0,3,9,0,3,84,357,83750,54,98613.67,0,0,0,0,0,0,0,0,,
Summit Argo,11854,5973,5881,7884,739,16,464,0,2780,8531,3323,48793,31.7,178812.42,0,0,0,0,0,0,0,0,,
Holcomb,76,45,31,73,0,0,2,0,6,8,68,54375,55.4,100458.58,0,0,0,0,0,0,0,0,,
Lynn Center,1123,564,559,1107,0,0,0,0,16,70,1053,69375,46.9,168254.5,0,0,0,0,0,0,0,0,,
Smithshire,319,163,156,319,0,0,0,0,0,13,306,85341,41.8,76215.83,0,0,0,0,0,0,0,0,,
Camp Grove,135,72,63,135,0,0,0,0,0,0,135,120250,27.4,56045.5,0,0,0,0,0,0,0,0,,
Graymont,205,95,110,195,15,0,0,0,0,5,200,61250,38.5,119408.92,0,0,0,0,0,0,0,0,,
Mchenry,28015,13956.5,14058.5,26845,342,100,566,3.5,611,3467.5,24547.5,76286,40.35,194507.75,0,0,0,0,0,0,0,0,,
Edelstein,810,315,495,798,12,4,0,0,0,13,797,81875,47.6,184235.33,0,0,0,0,0,0,0,0,,
Ancona,204,113,91,204,0,0,0,0,0,0,204,51250,48,80095.08,0,0,0,0,0,0,0,0,,
Utica,2134,1095,1039,2096,0,0,62,0,4,46,2088,74821,48.9,175860.75,0,0,0,0,0,0,0,0,,
Shirley,238,120,118,238,0,0,0,0,0,0,238,78438,55.3,134445.5,0,0,0,0,0,0,0,0,,
Kent,277,131,146,277,18,0,0,0,0,0,277,68250,35.9,113991.42,0,0,0,0,0,0,0,0,,
Dewey,819,456,363,819,0,0,0,0,0,0,819,62941,53.1,191289.75,0,0,0,0,0,0,0,0,,
Lake In The Hills,28886,14163,14723,26251,977,71,1979,117,428,3487,25399,91066,35.1,235848.83,0,0,0,0,0,0,0,0,,
Preemption,110,31,79,41,0,0,0,0,69,69,41,59868,39.1,137836.58,0,0,0,0,0,0,0,0,,
Mc Lean,1063,515,548,1061,0,10,1,0,3,6,1057,65417,50.4,115498.58,0,0,0,0,0,0,0,0,,
Clare,150,73,77,150,0,0,0,0,0,0,150,166442,67.4,193428.58,0,0,0,0,0,0,0,0,,
Dahinda,1022,542,480,963,46,0,0,0,13,47,975,70625,54.3,224367.92,0,0,0,0,0,0,0,0,,
