zipcode,total_pop,male,female,med_age,race_w,race_aa,race_nat,race_as,race_api,race_oth,eth_hisp,eth_nonhisp
52761,30619,15205,15414,37.8,28856,1504,255,493,11,603,5480,25139
60002,24066,12076,11990,43.3,22792,869,89,630,31,402,1662,22404
60004,50915,24193,26722,43,43996,738,79,5458,116,1597,4013,46902
60005,29539,15040,14499,43.8,24937,892,143,2961,0,1089,3163,26376
60007,33420,16504,16916,43.8,28444,532,245,3680,24,1500,4020,29400
60008,21833,10604,11229,37.4,15923,1179,325,1992,92,2976,5430,16403
60010,46087,22253,23834,47.7,39013,593,138,6109,139,722,1763,44324
60012,10958,5366,5592,47.1,10586,115,5,362,0,13,474,10484
60013,25827,13124,12703,40.6,24461,586,51,949,10,314,2240,23587
60014,48443,24343,24100,40.7,45754,860,360,1337,17,790,5975,42468
60015,27452,13323,14129,43.6,25020,336,90,2122,5,165,981,26471
60016,59637,28865,30772,41.7,40583,2545,531,14968,112,2022,8297,51340
60018,30386,15503,14883,38.3,23786,884,124,3640,39,2589,10662,19724
60020,9827,4482,5345,42.7,9312,135,35,215,0,256,854,8973
60021,5548,2677,2871,37.6,5436,0,43,199,0,95,428,5120
60022,8477,4196,4281,45.1,7993,162,0,379,0,5,456,8021
60025,41014,19786,21228,44.2,34500,720,104,6119,64,369,2721,38293
60026,14118,6931,7187,44.6,10953,224,16,3050,15,201,1139,12979
60029,560,300,260,38.4,529,1,0,30,0,2,47,513
60030,36817,18255,18562,40.9,32498,1470,205,2539,62,1236,4190,32627
60031,37172,18049,19123,39.3,28374,3285,430,5463,111,1147,4820,32352
60033,13681,6752,6929,34.1,12903,174,72,10,41,772,5605,8076
60034,2077,1082,995,42.3,1958,53,8,8,0,93,269,1808
60035,29734,14306,15428,46.6,27888,547,36,1092,10,685,2178,27556
60040,5366,2753,2613,37.8,4377,243,31,157,0,595,2570,2796
60041,8897,4348,4549,42.7,8535,99,23,84,144,122,1049,7848
60042,8420,4446,3974,40.6,8153,134,0,228,9,116,1113,7307
60043,2512,1273,1239,41.3,2367,31,20,152,0,0,71,2441
60044,10003,4642,5361,42.7,8616,151,62,1207,0,129,762,9241
60045,21131,10472,10659,46.6,18890,520,94,1836,7,142,1013,20118
60046,35286,17646,17640,40.3,32294,900,131,1733,17,858,3137,32149
60047,42637,21299,21338,42,36357,1008,145,5008,124,868,3441,39196
60048,29058,14196,14862,45.2,26453,511,148,2227,8,223,1245,27813
60050,32732,16272,16460,39.6,31357,365,156,589,0,677,4650,28082
60051,23298,11641,11657,41.1,22333,319,44,543,7,545,2285,21013
60053,23256,11532,11724,47.4,14791,713,16,7566,17,571,1452,21804
60056,55250,27755,27495,39.6,43000,1780,655,7432,49,3865,9331,45919
60060,37208,18979,18229,37.2,30081,737,159,4444,48,2756,11902,25306
60061,27004,13315,13689,39,19016,1185,176,6667,48,917,3280,23724
60062,40459,19008,21451,49.6,33430,850,107,6314,40,295,1265,39194
60064,15705,7782,7923,30.7,6595,6166,67,686,12,3192,7761,7944
60067,38177,18153,20024,44.4,30560,926,268,6339,66,1564,2882,35295
60068,37736,18368,19368,44.3,35465,298,0,2258,101,421,2283,35453
60069,8186,3900,4286,53.3,7216,95,5,978,0,40,237,7949
60070,16049,8298,7751,38.6,11175,336,0,1452,17,3236,5156,10893
60071,3581,1747,1834,41.7,3404,85,137,80,6,13,313,3268
60072,1021,530,491,46.6,968,12,0,37,0,4,21,1000
60073,61706,31573,30133,33.2,49654,4575,538,3925,169,4700,25342,36364
60074,39478,20116,19362,35,25520,1492,346,4229,26,9533,12601,26877
60076,31867,15177,16690,45.1,19174,3296,396,9906,173,908,3100,28767
60077,28329,13285,15044,41.3,17389,2406,95,9151,145,942,3769,24560
60081,9660,4988,4672,44.4,9536,56,54,103,0,45,387,9273
60083,9990,5004,4986,39,7578,1830,0,694,0,212,1280,8710
60084,16612,8157,8455,38.7,14554,141,88,994,0,1168,3365,13247
60085,70850,35807,35043,30.3,39150,13455,1049,4464,76,14988,43651,27199
60087,26678,13117,13561,35.4,17731,4483,419,856,10,4539,11510,15168
60088,12662,9275,3387,21.4,9503,2144,282,1027,167,456,2124,10538
60089,41392,20239,21153,41.8,30252,1130,350,9397,88,1042,2260,39132
60090,38476,19722,18754,37.3,24056,1499,498,7431,130,5871,11769,26707
60091,27367,13355,14012,45.3,23364,251,37,4369,71,66,794,26573
60093,19441,9433,10008,42.9,18096,111,80,1329,57,233,1134,18307
60096,6803,3330,3473,44.8,6329,148,70,146,0,145,561,6242
60097,10826,5811,5015,41.4,10678,64,159,115,0,83,1019,9807
60098,32526,16008,16518,39.3,30402,1273,296,566,0,668,6173,26353
60099,30934,14888,16046,33.9,20463,8481,445,1330,86,1742,8837,22097
60101,39216,19281,19935,36.7,29293,1812,401,3905,38,4986,15603,23613
60102,32739,16010,16729,41.6,29116,503,97,2856,11,614,2271,30468
60103,42196,21153,21043,39.6,33402,884,197,7172,37,1956,5474,36722
60104,18999,8828,10171,37.6,2590,14949,66,236,0,1366,3299,15700
60106,20462,10240,10222,36,16102,968,419,940,32,3086,9718,10744
60107,40437,20514,19923,38.5,26913,1908,293,5579,0,6898,13891,26546
60108,22766,10740,12026,43.3,18348,880,185,3242,79,391,2754,20012
60109,568,255,313,41.8,568,0,3,0,0,6,18,550
60110,39333,19947,19386,30.5,22582,3309,366,3355,13,10733,19981,19352
60111,150,73,77,67.4,150,0,0,0,0,0,0,150
60112,4356,2277,2079,30.5,3844,345,0,90,0,108,729,3627
60113,339,165,174,35.5,284,12,4,5,4,39,67,272
60115,45325,22102,23223,25,34361,7462,125,2584,116,2018,5911,39414
60118,15836,7943,7893,46.5,13818,213,192,1119,18,744,1536,14300
60119,10246,4863,5383,41,9623,357,118,279,0,46,1193,9053
60120,50922,25201,25721,33.1,30983,2882,1039,2810,90,14667,30950,19972
60123,48952,24727,24225,35.6,33646,4344,454,3084,50,9092,18344,30608
60124,22338,11363,10975,40.8,18366,1316,292,1965,0,1189,2705,19633
60126,48410,23842,24568,39.5,44055,783,246,3684,41,630,4042,44368
60129,260,155,105,40.3,260,0,0,0,0,0,31,229
60130,14041,6247,7794,40.2,8737,4113,82,1300,0,297,1027,13014
60131,18025,8782,9243,39.1,14868,111,198,748,0,2448,8410,9615
60133,38400,18993,19407,33.9,22070,2764,242,6547,52,8049,15347,23053
60134,29401,14287,15114,41,28594,97,37,618,0,381,1662,27739
60135,6906,3556,3350,40.6,6770,167,147,55,0,58,762,6144
60136,7742,4153,3589,31.7,5295,634,0,1041,0,772,1319,6423
60137,38279,18432,19847,41,33899,1333,236,3418,0,327,2321,35958
60139,34364,17164,17200,33.7,19839,3400,390,8446,256,4087,10753,23611
60140,17639,8593,9046,39.7,16646,156,0,706,0,351,1638,16001
60141,216,188,28,69.4,137,75,0,0,0,4,17,199
60142,28121,13197,14924,46.5,25322,958,33,1920,36,286,3104,25017
60143,10996,5274,5722,45.6,10099,227,12,665,20,169,1309,9687
60144,69,35,34,60.4,69,0,0,0,0,0,0,69
60145,2673,1518,1155,33.4,2635,117,1,0,3,18,321,2352
60146,2655,1354,1301,38.8,2580,22,2,19,0,71,160,2495
60148,52963,26126,26837,38,42685,3136,291,7075,35,1101,5280,47683
60150,1692,897,795,42.2,1673,14,17,5,0,7,180,1512
60151,4024,1974,2050,42.7,3933,81,27,37,0,21,131,3893
60152,12345,6113,6232,44.7,11986,180,35,54,0,237,1722,10623
60153,23810,11498,12312,36.4,4044,16391,355,213,0,3371,6510,17300
60154,16573,7835,8738,45.7,11695,3065,50,691,125,1491,3575,12998
60155,7829,3920,3909,46,1416,6165,0,414,230,24,268,7561
60156,28886,14163,14723,35.1,26251,977,71,1979,117,428,3487,25399
60157,2502,1316,1186,42.5,2240,11,0,245,0,6,0,2502
60160,25412,13162,12250,33.7,14990,1589,141,204,0,8652,18878,6534
60162,8165,3855,4310,40.2,2797,3943,58,82,0,1475,2586,5579
60163,5161,2585,2576,40.3,2787,1491,70,210,57,651,1906,3255
60164,21600,10827,10773,36.3,16804,714,251,499,13,3987,13337,8263
60165,4923,2576,2347,30.3,2459,173,25,154,0,2179,4360,563
60169,33667,16523,17144,35.8,18210,2648,190,8712,0,5197,7626,26041
60171,10148,4828,5320,38.4,8742,174,67,193,0,1299,3014,7134
60172,24551,11939,12612,40.3,20814,1261,515,2317,57,380,2506,22045
60173,12162,6068,6094,33.8,6167,572,89,5173,34,674,958,11204
60174,31405,14557,16848,43.3,28493,721,320,931,0,1590,3824,27581
60175,25734,13277,12457,41.7,24258,503,129,1263,66,181,1023,24711
60176,11704,6071,5633,40.8,9788,156,510,838,0,1177,2894,8810
60177,23109,11520,11589,36.3,19709,969,165,1591,31,1354,4238,18871
60178,22413,10927,11486,37.7,20846,914,109,561,0,453,1647,20766
60180,2077,988,1089,40.1,2074,3,0,0,0,0,34,2043
60181,28801,14226,14575,37.9,23324,1850,150,3069,20,1237,6476,22325
60184,2357,1160,1197,50.4,2182,0,0,175,0,0,39,2318
60185,36129,18710,17419,35.8,28466,799,383,2469,0,4655,16417,19712
60187,29708,14787,14921,34.8,26495,1370,196,2194,72,278,1606,28102
60188,42602,20943,21659,38,29382,3324,333,8380,59,1983,6156,36446
60189,30427,14713,15714,40.7,26737,1664,166,2419,153,308,1860,28567
60190,11143,5620,5523,49.2,10444,278,73,509,11,135,461,10682
60191,14147,7117,7030,41,11451,266,32,1134,160,1341,3325,10822
60192,15650,7798,7852,42.4,10282,305,151,4999,39,457,862,14788
60193,40248,19674,20574,41.1,29698,1455,506,7624,162,1718,4037,36211
60194,18946,9011,9935,39.9,11616,912,261,4479,0,2363,3051,15895
60195,5568,2476,3092,32.4,2333,284,0,2710,0,349,383,5185
60201,42296,20122,22174,31.6,30637,6253,267,5656,78,964,4205,38091
60202,32861,14994,17867,39.5,22322,7466,211,2589,37,1806,4632,28229
60203,4188,1855,2333,42.7,3117,541,54,524,0,73,210,3978
60301,2536,1142,1394,45.3,1553,656,9,351,0,75,309,2227
60302,32048,15135,16913,40.8,23314,6886,219,2312,106,817,2572,29476
60304,17641,8299,9342,37,13661,3152,236,1163,23,512,1699,15942
60305,11064,5383,5681,41.3,9598,768,58,676,0,246,650,10414
60401,7779,3882,3897,44.4,7566,39,28,0,0,180,528,7251
60402,63554,31612,31942,35.5,37987,4595,612,2431,65,19998,39477,24077
60403,18254,9650,8604,39.1,13420,3590,252,769,0,909,3334,14920
60404,18796,8945,9851,41.5,16550,1081,127,822,0,858,2277,16519
60406,25256,12482,12774,33.6,12796,7400,609,349,0,5150,12740,12516
60407,1696,898,798,37.9,1677,6,23,8,3,9,97,1599
60408,5649,3049,2600,39.3,5610,54,114,7,0,13,258,5391
60409,36955,16050,20905,37.1,8642,27669,348,82,39,596,5596,31359
60410,12791,6523,6268,37,12283,138,167,99,0,280,1254,11537
60411,57800,27613,30187,34.2,18353,30695,303,302,0,9749,15338,42462
60415,14254,6854,7400,33.9,11775,1693,0,564,85,339,1326,12928
60416,9164,4645,4519,36,8946,174,14,121,0,56,442,8722
60417,15225,7529,7696,48.6,10203,4551,108,170,0,576,1101,14124
60419,22644,10287,12357,36.7,1628,21147,231,176,0,117,497,22147
60420,4812,2485,2327,45.5,4736,92,0,38,0,8,124,4688
60421,3843,1907,1936,41.2,3720,134,26,22,0,14,320,3523
60422,9768,4608,5160,46.3,3780,5867,16,101,13,30,355,9413
60423,30938,15173,15765,42.8,28019,1677,75,1044,0,462,1768,29170
60424,2465,1257,1208,44.9,2412,6,2,38,0,7,150,2315
60425,8912,4032,4880,40.8,2264,6449,176,131,0,211,701,8211
60426,28924,13497,15427,36.2,5312,21292,205,569,0,2141,6193,22731
60428,12271,5652,6619,36.5,1937,9840,60,112,0,441,1162,11109
60429,15387,7218,8169,40.9,2290,13006,75,31,0,51,786,14601
60430,20227,9684,10543,42.3,10657,8901,90,560,0,523,1096,19131
60431,23219,11746,11473,35.4,18710,3475,272,824,0,950,4142,19077
60432,20222,10229,9993,30.9,10431,4289,219,105,0,5975,11589,8633
60433,16629,8507,8122,35.7,9202,5979,213,52,0,1871,5756,10873
60435,49863,23790,26073,35.9,35245,8503,557,1398,54,6174,14081,35782
60436,18945,9564,9381,33.2,11809,4843,85,504,18,2396,7109,11836
60437,183,86,97,38.8,183,0,0,0,0,0,3,180
60438,28960,12583,16377,41.4,15055,12353,461,300,0,1559,4377,24583
60439,23422,11452,11970,46.4,22330,292,182,840,0,138,1524,21898
60440,52246,25822,26424,35.6,26694,12544,430,5244,34,10140,15284,36962
60441,35415,17954,17461,36.6,30565,3114,194,717,0,1415,3333,32082
60442,10531,5375,5156,34.3,10324,38,25,66,0,132,488,10043
60443,21554,9874,11680,42.8,4938,16210,192,499,24,335,1091,20463
60444,1721,902,819,36.6,1695,0,0,31,0,0,99,1622
60445,25930,12626,13304,43,22368,2146,192,690,33,1048,4600,21330
60446,40085,19166,20919,33.9,25448,4894,474,3216,23,7844,13159,26926
60447,14220,6775,7445,33.8,13204,355,34,177,17,666,2395,11825
60448,26710,13600,13110,40.4,25650,377,129,675,22,376,1498,25212
60449,9400,4498,4902,44.4,7323,1559,0,354,0,405,785,8615
60450,20460,10200,10260,42.8,19741,444,102,182,6,335,1698,18762
60451,34945,17167,17778,38.7,34238,340,91,372,29,335,2296,32649
60452,28324,14366,13958,41.4,24688,1460,49,1368,0,1083,4076,24248
60453,56420,27759,28661,40.9,46763,4095,330,2235,10,4695,11988,44432
60455,16479,7780,8699,36.5,13871,754,146,1121,56,958,3748,12731
60456,4308,1961,2347,38.7,4096,110,5,7,0,147,699,3609
60457,14018,7219,6799,39.2,13251,529,23,96,15,206,2515,11503
60458,15288,7105,8183,32,11405,3033,26,422,7,863,3310,11978
60459,28908,14464,14444,38.2,24666,930,88,774,28,3091,8974,19934
60460,1333,627,706,41.7,1330,0,8,0,0,0,10,1323
60461,4917,2272,2645,49.2,1081,3832,13,127,0,11,0,4917
60462,40305,19707,20598,43.3,36265,1823,321,1449,23,1060,3490,36815
60463,14926,7174,7752,51.6,14105,293,140,364,0,271,589,14337
60464,9715,4495,5220,50.8,9069,196,42,369,0,295,769,8946
60465,17473,7986,9487,40.9,16101,978,32,432,0,326,1515,15958
60466,21989,10285,11704,38.7,6654,14967,213,130,0,866,1153,20836
60467,26628,12745,13883,49.6,23287,535,46,2716,31,473,1508,25120
60468,6044,3186,2858,40.6,5878,68,106,12,13,76,429,5615
60469,5780,2811,2969,30.2,4353,1015,151,71,0,450,3075,2705
60470,497,260,237,47,497,0,3,0,0,0,11,486
60471,14055,6720,7335,37.9,1571,12225,180,254,0,262,393,13662
60472,4870,2537,2333,36.4,475,4420,43,12,0,25,308,4562
60473,22201,10368,11833,40.8,3768,18020,37,132,6,391,1058,21143
60474,986,506,480,36.7,986,0,7,3,0,0,53,933
60475,9674,4819,4855,40.9,6482,2517,111,140,40,687,1491,8183
60476,2493,1179,1314,43.7,1974,425,18,63,0,62,293,2200
60477,37919,18451,19468,40.1,33315,2331,58,972,10,1698,4624,33295
60478,17112,7738,9374,39.9,1844,14822,17,424,0,157,1049,16063
60479,934,483,451,40.8,927,0,0,0,0,7,67,867
60480,5370,2540,2830,44.8,4789,183,78,324,0,155,869,4501
60481,11540,5857,5683,46.5,10974,120,167,121,10,309,736,10804
60482,10916,5479,5437,41.4,10040,336,20,276,43,436,1355,9561
60484,6580,2941,3639,32.7,817,5880,126,81,11,23,202,6378
60487,26588,13162,13426,38.5,23834,1076,57,1825,0,477,1982,24606
60490,22202,11270,10932,35,12486,3851,38,4955,12,2078,3659,18543
60491,22961,11777,11184,44.4,21811,250,51,675,0,460,1449,21512
60501,11854,5973,5881,31.7,7884,739,16,464,0,2780,8531,3323
60502,22622,11175,11447,37.6,15149,2106,66,4786,0,1211,2512,20110
60503,16973,8316,8657,33.8,11309,1652,340,2803,77,1405,3169,13804
60504,38013,18669,19344,34.1,25188,6230,424,6061,59,1717,7028,30985
60505,77190,39022,38168,30.4,38482,7132,1311,862,72,31848,58413,18777
60506,54216,27194,27022,35,36007,8328,627,2132,188,9316,21535,32681
60510,29533,14540,14993,40.9,27552,840,105,998,14,835,2248,27285
60511,1932,1107,825,35.7,1902,8,24,8,8,4,45,1887
60512,1184,566,618,48.9,1184,0,0,0,0,0,0,1184
60513,18880,8596,10284,39,16234,1093,146,514,0,1368,4319,14561
60514,10109,4929,5180,40.6,8951,103,187,999,29,179,1026,9083
60515,28566,13852,14714,42.2,26145,808,91,1708,21,156,1136,27430
60516,29268,14113,15155,44.7,25740,1287,100,2083,10,452,1843,27425
60517,32328,15966,16362,37.7,24638,3168,174,4699,10,827,4397,27931
60518,3543,1772,1771,43.7,3406,76,9,23,2,38,294,3249
60519,63,24,39,43.3,63,0,0,0,0,0,23,40
60520,2810,1327,1483,40.4,2738,21,7,32,0,71,156,2654
60521,18402,9150,9252,41.8,15999,244,14,2294,0,175,794,17608
60523,10136,4653,5483,58.7,7043,340,65,2808,0,115,364,9772
60525,30576,15276,15300,43.4,28013,1487,117,723,8,862,4241,26335
60526,13546,6437,7109,41.2,12364,618,30,307,11,480,1697,11849
60527,27903,13561,14342,46.6,21810,2324,0,4310,0,153,1371,26532
60530,484,257,227,39.6,476,13,2,0,0,3,10,474
60531,1759,907,852,42.8,1737,0,14,0,0,26,176,1583
60532,28178,13905,14273,37.7,22827,1529,208,3691,18,636,2055,26123
60534,10544,5210,5334,34.6,8630,580,61,256,8,1369,5328,5216
60536,116,56,60,36.8,116,0,0,0,0,0,0,116
60537,647,379,268,39,647,0,0,0,0,0,34,613
60538,28451,13971,14480,32.5,23143,2009,309,961,18,3433,8991,19460
60539,273,227,46,46.2,194,6,0,0,0,74,151,122
60540,45112,21977,23135,40.2,36701,1856,195,7124,69,469,3033,42079
60541,3660,1878,1782,36.6,3639,27,76,8,0,1,99,3561
60542,18125,8825,9300,39.2,14704,1001,131,1359,0,1510,2848,15277
60543,40027,20317,19710,36.8,34662,2220,208,2018,0,1937,6226,33801
60544,26498,12157,14341,40.5,21923,2849,43,1419,49,1165,4343,22155
60545,13259,6773,6486,33.1,11348,1478,58,157,22,503,3754,9505
60546,15685,7653,8032,42.3,13649,595,108,767,0,986,3452,12233
60548,12374,6103,6271,35.7,11753,40,42,19,0,586,1454,10920
60549,232,121,111,42,232,0,0,0,0,0,0,232
60550,1454,742,712,49.6,1446,4,4,4,0,0,24,1430
60551,5500,3754,1746,38.2,4369,1159,43,29,0,2,335,5165
60552,4401,2303,2098,45.8,4298,25,33,67,3,35,105,4296
60553,701,392,309,42.7,691,6,2,0,0,4,2,699
60554,12166,6172,5994,45.5,10961,631,123,365,0,319,846,11320
60555,13448,6775,6673,37.4,11813,726,45,841,9,365,2537,10911
60556,2029,928,1101,39.3,2008,62,6,13,0,0,154,1875
60557,157,81,76,66.8,157,0,0,0,0,0,0,157
60558,13227,6317,6910,41.7,12948,149,46,163,24,56,633,12594
60559,24529,11651,12878,39.1,18705,1938,160,3640,56,803,3199,21330
60560,24886,12460,12426,35.5,21503,1883,120,849,0,1193,3049,21837
60561,23163,11115,12048,45.4,18986,871,59,3381,10,684,1351,21812
60563,37409,18220,19189,36.8,27324,3315,255,6770,10,698,3701,33708
60564,42513,21180,21333,39.2,28720,2948,116,11337,0,320,1677,40836
60565,40773,20141,20632,40.8,32367,2093,347,7303,90,286,1595,39178
60585,24368,12483,11885,36.6,18602,2005,89,2735,54,1501,3190,21178
60586,47692,23023,24669,32.1,38648,4824,319,1787,0,3111,10093,37599
60601,14675,7191,7484,34.9,11134,818,74,2883,0,16,1274,13401
60602,1244,693,551,30.6,889,67,66,263,0,0,81,1163
60603,1174,573,601,28.9,812,44,0,385,0,0,115,1059
60604,782,369,413,32.4,506,54,0,232,0,0,34,748
60605,27519,13138,14381,33.9,17721,5165,135,5054,16,543,1608,25911
60606,3101,1502,1599,37.2,2355,115,95,597,0,125,195,2906
60607,29591,14724,14867,30.1,18019,4672,240,7039,55,578,2457,27134
60608,79205,43845,35360,32.4,36642,14389,945,9969,44,18980,40146,39059
60609,61495,30270,31225,31.7,28757,15609,1068,4151,12,13476,32860,28635
60610,39019,17874,21145,33.6,29446,6143,288,3521,7,410,2601,36418
60611,32426,15207,17219,38.9,25068,1131,150,6229,17,643,1701,30725
60612,34311,16680,17631,31.6,10068,21222,276,1736,94,1779,4206,30105
60613,50113,25205,24908,33.1,42720,3253,603,4136,29,1198,5662,44451
60614,71308,35945,35363,30.3,62400,3344,374,6737,116,768,4317,66991
60615,41563,19140,22423,33.8,13924,23992,462,4032,33,1029,2573,38990
60616,54464,25807,28657,36.8,16630,14292,319,22553,36,1939,4600,49864
60617,82534,38160,44374,37,32178,46857,309,303,25,4250,31079,51455
60618,94395,48151,46244,34.4,77631,3429,833,7415,200,8702,38152,56243
60619,61258,27681,33577,41.3,1573,59701,411,302,22,442,869,60389
60620,68096,30001,38095,40.8,1334,66170,285,340,28,533,911,67185
60621,29042,13184,15858,34,801,27640,137,82,0,509,1061,27981
60622,52793,27216,25577,31.7,43079,4294,227,3358,106,3890,11579,41214
60623,85979,41947,44032,30.3,33821,27439,682,259,30,24944,56864,29115
60624,36158,16906,19252,30.7,1557,33235,166,140,63,1465,1915,34243
60625,79243,39692,39551,34.2,54692,5491,564,12744,210,10228,25978,53265
60626,49730,24582,25148,34,30840,13322,461,3684,115,3305,10252,39478
60628,66724,30816,35908,38.8,3354,63110,326,230,25,554,2292,64432
60629,111850,54815,57035,31.2,48280,23214,1053,657,225,40874,79432,32418
60630,57344,27889,29455,40.2,43541,1960,583,7640,52,6593,16007,41337
60631,29529,14264,15265,42.6,27516,608,78,1411,38,770,3152,26377
60632,91039,46372,44667,30.9,48821,2405,1812,5405,17,34929,76434,14605
60633,12871,6786,6085,38.9,9187,3043,27,57,0,658,5790,7081
60634,75995,36934,39061,39.1,60691,2117,523,4620,52,9485,29065,46930
60636,32203,15225,16978,40,1571,29413,191,28,33,1536,2472,29731
60637,47454,20877,26577,30.7,8376,36745,478,2325,16,470,1341,46113
60638,58797,29033,29764,37.7,44576,2349,656,558,75,12924,30440,28357
60639,90517,45009,45508,33.1,41149,13599,750,1672,86,35728,70538,19979
60640,69715,35614,34101,37.3,46813,12605,920,8800,106,2981,9939,59776
60641,71023,34841,36182,35.9,50999,2771,790,4431,147,15335,38350,32673
60642,20201,10109,10092,31.2,15332,2332,169,1831,0,1442,4074,16127
60643,49870,22638,27232,43.5,11841,37822,578,275,24,811,1649,48221
60644,47712,22043,25669,33.3,2648,43369,111,132,81,1921,3068,44644
60645,47732,23740,23992,35.6,28860,8733,487,9045,45,2608,8127,39605
60646,27987,13222,14765,43.7,23812,440,71,3343,34,963,3971,24016
60647,87509,44327,43182,31.8,70093,7140,797,3984,120,9002,39226,48283
60649,46024,19172,26852,37.7,2308,43404,312,261,19,497,1183,44841
60651,63218,29134,34084,33,11544,34029,651,596,27,18366,26860,36358
60652,43907,20784,23123,35.7,12807,21572,496,659,24,10080,17479,26428
60653,31972,13703,18269,35.1,2052,29491,248,685,18,153,689,31283
60654,19135,9754,9381,33.1,15414,1139,97,2886,17,203,997,18138
60655,28804,13876,14928,38.7,26028,2077,78,491,65,358,2390,26414
60656,27579,13992,13587,40.5,24041,398,57,2642,67,1309,3382,24197
60657,70052,35414,34638,31.2,62338,2568,361,6192,145,849,4901,65151
60659,41068,21031,20037,34.7,23584,4687,409,12347,27,2057,7880,33188
60660,43242,21537,21705,36.7,29555,6673,333,6239,68,1804,7728,35514
60661,9926,5109,4817,30.8,5952,438,55,3719,13,63,640,9286
60706,23301,11124,12177,45,20840,230,65,1831,12,598,2498,20803
60707,43019,20752,22267,39.6,32323,3814,561,2103,16,5725,16505,26514
60712,12539,6097,6442,47.3,8174,340,84,4405,0,203,964,11575
60714,29743,14246,15497,47.7,22349,1031,96,6072,134,722,3337,26406
60803,22390,11245,11145,36.2,15813,4769,159,318,51,1894,5072,17318
60804,83147,41769,41378,30,31994,3201,613,583,43,47835,74180,8967
60805,19666,9031,10635,40.1,13974,5095,90,268,0,722,2536,17130
60827,28577,12911,15666,32.7,1961,26627,243,63,0,290,1222,27355
60901,35509,17115,18394,36.9,22930,11367,299,410,0,1215,4753,30756
60910,671,339,332,39.4,636,41,0,5,0,0,102,569
60911,1308,673,635,43.6,1271,28,4,0,0,13,27,1281
60912,521,280,241,49.5,487,20,2,1,0,11,12,509
60913,1409,726,683,53,1338,31,72,2,0,8,41,1368
60914,29969,13951,16018,34.4,26505,3071,58,641,31,350,2240,27729
60915,10121,4997,5124,33.5,9177,481,12,68,14,425,1356,8765
60917,529,254,275,36.2,524,2,0,4,0,1,15,514
60918,777,422,355,48.8,762,7,0,0,0,8,32,745
60919,481,246,235,48.2,479,0,2,0,0,0,15,466
60920,199,94,105,44.1,199,0,0,0,0,0,0,199
60921,1517,757,760,38.8,1485,81,0,7,0,40,124,1393
60922,2389,1263,1126,35.5,2226,79,0,7,0,127,247,2142
60924,1485,761,724,48.2,1476,0,0,7,7,2,15,1470
60926,35,16,19,59.4,33,0,0,0,0,2,2,33
60927,2106,1045,1061,45,2093,18,22,13,0,0,17,2089
60928,775,345,430,39.8,774,6,5,1,0,0,11,764
60929,803,318,485,33.3,803,69,38,0,0,0,19,784
60930,925,430,495,41.1,910,4,2,18,0,0,13,912
60931,537,265,272,39.3,535,37,8,3,1,3,16,521
60932,92,37,55,33.1,92,0,0,0,0,0,0,92
60933,312,160,152,40.4,312,0,0,0,0,0,0,312
60934,259,138,121,39.6,245,14,0,0,0,0,0,259
60935,1210,648,562,39.1,1193,13,33,7,0,0,11,1199
60936,4103,1902,2201,43.7,4064,49,19,21,0,8,6,4097
60938,1959,930,1029,44.5,1679,19,17,5,17,255,274,1685
60940,3433,1728,1705,44.3,3374,4,57,0,0,25,346,3087
60941,2180,1109,1071,40.1,2161,64,8,23,5,5,30,2150
60942,5871,3027,2844,45.6,5262,133,101,151,0,307,848,5023
60945,175,87,88,52.7,165,9,2,1,0,1,0,175
60946,445,204,241,37.6,439,0,6,0,0,0,1,444
60948,1496,779,717,47.3,1375,42,0,18,0,61,24,1472
60949,535,252,283,38.7,480,44,1,10,3,3,15,520
60950,11803,6079,5724,43.8,11350,354,0,195,0,52,744,11059
60951,825,444,381,48.4,808,8,7,2,0,13,29,796
60952,686,339,347,34.9,676,1,4,12,0,2,32,654
60953,2449,1239,1210,46.2,2350,16,3,2,17,95,196,2253
60954,5846,3289,2557,43,5204,478,59,17,0,398,839,5007
60955,1614,840,774,41.6,1322,37,0,6,0,264,474,1140
60957,5288,2637,2651,41.7,4913,125,18,54,5,183,292,4996
60958,1784,866,918,39.7,352,1443,0,4,0,13,179,1605
60959,1060,537,523,50.4,1006,0,19,5,0,39,48,1012
60960,1092,574,518,42.5,1072,6,8,0,0,17,98,994
60961,725,375,350,40.9,706,16,0,0,0,19,19,706
60962,645,355,290,38.1,632,10,3,0,0,8,22,623
60963,1895,916,979,36.2,1852,3,17,25,3,3,13,1882
60964,5070,2607,2463,41.2,4350,667,28,83,0,112,549,4521
60966,1626,784,842,45.4,1536,54,43,5,0,65,47,1579
60968,335,163,172,44.4,295,21,8,0,0,26,73,262
60969,58,33,25,24.5,58,0,0,0,0,0,0,58
60970,6948,3169,3779,47.1,6538,55,37,50,24,315,485,6463
60973,411,193,218,34.2,399,0,0,0,0,12,18,393
60974,294,136,158,41.5,285,23,2,0,0,0,12,282
61001,1042,555,487,54.6,1012,1,0,11,0,18,19,1023
61006,1905,913,992,38,1847,39,30,27,0,49,72,1833
61007,507,294,213,45.9,507,6,0,0,0,0,9,498
61008,34292,16669,17623,38.5,29978,1034,368,590,100,3375,9254,25038
61010,7805,3736,4069,38.1,7627,190,8,71,10,57,393,7412
61011,2326,1240,1086,53.9,1975,39,0,249,8,63,101,2225
61012,2432,1319,1113,36.1,2286,15,26,0,0,148,642,1790
61013,504,229,275,45.5,496,8,3,0,0,0,52,452
61014,1289,626,663,36.1,1286,10,0,8,8,3,28,1261
61015,1107,506,601,42.4,1105,0,0,0,0,2,2,1105
61016,4962,2528,2434,51.6,4554,242,105,182,4,20,225,4737
61018,1002,470,532,40.9,1002,30,3,2,0,2,21,981
61019,3244,1624,1620,47.7,3205,27,33,16,0,0,5,3239
61020,3131,1612,1519,33.3,3045,72,7,22,0,46,331,2800
61021,23031,12648,10383,43.2,20917,1838,99,280,51,358,1521,21510
61024,2534,1266,1268,47.5,2524,12,5,10,0,0,32,2502
61025,4645,2525,2120,43.1,4563,58,6,49,12,10,25,4620
61027,77,48,29,30,29,48,0,0,0,0,0,77
61028,2051,1018,1033,50.4,2024,17,4,2,6,18,15,2036
61030,2302,1133,1169,37.4,2231,66,3,82,0,11,101,2201
61031,1541,796,745,44.5,1512,30,0,3,0,119,114,1427
61032,29896,13985,15911,44.8,25027,5164,248,378,42,173,1410,28486
61036,6620,3161,3459,56.2,6575,21,14,0,0,35,430,6190
61037,55,26,29,74.1,55,0,0,0,0,0,7,48
61038,1149,638,511,50.3,1149,0,0,0,0,0,76,1073
61039,1012,542,470,31.7,993,1,0,5,0,14,80,932
61041,959,454,505,53.4,904,24,43,4,0,7,11,948
61042,605,321,284,46,578,10,0,5,0,17,20,585
61043,76,45,31,55.4,73,0,0,2,0,6,8,68
61044,277,131,146,35.9,277,18,0,0,0,0,0,277
61046,2451,1181,1270,51.3,2352,23,51,14,0,76,113,2338
61047,1839,859,980,51.3,1822,25,0,1,2,0,23,1816
61048,3876,1966,1910,48.7,3840,26,0,10,0,16,73,3803
61049,560,277,283,39,548,18,6,4,0,0,12,548
61050,445,241,204,49.6,445,0,0,0,0,0,0,445
61051,1688,937,751,40.1,1670,66,28,0,0,6,81,1607
61052,821,439,382,55.7,817,4,3,2,0,3,38,783
61053,2612,1244,1368,52.4,2565,22,0,17,0,15,51,2561
61054,3674,1707,1967,45.2,3652,35,0,16,0,22,82,3592
61057,111,50,61,36.2,108,5,0,7,0,7,5,106
61059,212,87,125,31.4,203,0,9,0,0,0,1,211
61060,1425,804,621,43.5,1418,0,0,1,0,6,9,1416
61061,6382,3117,3265,51.1,6322,90,26,7,11,14,276,6106
61062,1803,952,851,46.4,1767,20,23,5,0,31,55,1748
61063,4260,2271,1989,40.1,4253,71,0,26,0,7,51,4209
61064,3640,1902,1738,44.1,3535,27,27,32,0,39,125,3515
61065,10360,5407,4953,34.8,9637,562,252,83,9,65,1052,9308
61067,752,376,376,60.3,740,3,0,12,0,0,0,752
61068,14289,7438,6851,38,12785,463,242,128,16,963,3403,10886
61070,1503,768,735,41.3,1479,2,40,16,0,0,0,1503
61071,13997,6945,7052,41.9,13169,472,81,22,0,444,1957,12040
61072,11565,5605,5960,43.2,11357,156,88,26,6,58,308,11257
61073,19165,9480,9685,39.8,17932,509,28,809,0,79,462,18703
61074,"4,188","2,005","2,183",48.2,"3,973",159,22,67,0,38,205,"3,983"
61075,992,500,492,50.1,975,17,2,8,0,4,18,974
61077,36,18,18,-,36,0,0,0,0,0,0,36
61078,"1,253",613,640,50.7,"1,220",5,0,24,2,10,32,"1,221"
61079,170,99,71,37.2,166,0,0,4,0,3,3,167
61080,"10,440","5,071","5,369",36.7,"9,969",471,78,125,22,221,"1,099","9,341"
61081,"21,129","10,250","10,879",43.2,"19,605",847,222,314,61,980,"4,448","16,681"
61084,"3,085","1,473","1,612",46.5,"3,037",0,0,29,0,24,156,"2,929"
61085,"3,629","1,825","1,804",41.6,"3,583",31,18,54,9,27,92,"3,537"
61087,"1,493",726,767,49.5,"1,457",65,8,16,2,18,32,"1,461"
61088,"6,052","3,005","3,047",42.3,"5,825",201,10,49,0,0,77,"5,975"
61089,728,385,343,38.6,728,0,0,0,0,0,25,703
61091,45,20,25,-,45,0,0,0,0,0,25,20
61101,"19,546","9,846","9,700",34.7,"11,163","8,201",395,202,36,529,"3,293","16,253"
61102,"17,760","9,110","8,650",34.7,"10,634","5,911",226,242,68,"1,435","5,613","12,147"
61103,"23,964","11,391","12,573",42.2,"17,921","5,470",260,373,0,625,"2,774","21,190"
61104,"19,454","9,673","9,781",31.6,"12,481","6,024",376,828,3,575,"4,850","14,604"
61107,"30,905","14,907","15,998",42.8,"26,121","2,763",338,"1,941",92,766,"3,368","27,537"
61108,"27,819","13,269","14,550",40.9,"22,135","4,374",253,"1,504",0,564,"4,050","23,769"
61109,"27,224","13,382","13,842",36.4,"21,741","4,011",223,"1,024",4,"1,142","5,108","22,116"
61111,"23,837","11,428","12,409",39.3,"22,165","1,058",254,764,55,364,"2,039","21,798"
61112,66,7,59,86,66,0,0,0,0,0,0,66
61114,"15,591","7,223","8,368",47.5,"13,544","1,726",4,710,26,145,"1,282","14,309"
61115,"22,574","11,105","11,469",38.9,"21,297",729,128,630,31,493,"1,340","21,234"
61201,"38,385","18,628","19,757",36.7,"28,476","8,487",529,"1,890",149,791,"4,329","34,056"
61230,"1,121",531,590,45.4,"1,119",0,2,0,0,2,47,"1,074"
61231,"5,213","2,527","2,686",46.8,"5,118",54,10,58,0,11,80,"5,133"
61232,"1,229",632,597,48,"1,209",27,3,0,0,3,10,"1,219"
61234,"1,267",606,661,47.8,"1,237",22,11,0,0,12,44,"1,223"
61235,"1,519",702,817,40.1,"1,509",4,18,5,0,0,13,"1,506"
61236,123,62,61,25,113,0,2,0,1,28,28,95
61238,"3,534","1,871","1,663",42,"3,414",80,20,10,0,10,45,"3,489"
61239,"1,239",605,634,26.6,827,412,0,12,0,29,75,"1,164"
61240,"6,138","3,085","3,053",44.4,"6,014",86,50,35,10,78,212,"5,926"
61241,"6,827","3,532","3,295",42.4,"6,798",304,29,33,0,14,829,"5,998"
61242,"1,208",635,573,52.4,"1,192",12,0,0,0,6,23,"1,185"
61243,248,110,138,57.2,248,0,0,0,0,0,1,247
61244,"23,679","12,179","11,500",40,"18,711","3,828",125,"1,035",4,"1,154","3,865","19,814"
61250,"2,502","1,215","1,287",41,"2,478",0,1,38,0,0,43,"2,459"
61251,337,172,165,46.9,337,0,0,0,0,0,0,337
61252,"5,341","2,729","2,612",45.9,"5,268",28,47,29,13,27,47,"5,294"
61254,"11,004","5,261","5,743",44.9,"10,809",154,101,101,0,0,221,"10,783"
61256,"1,962","1,006",956,40.2,"1,886",116,0,7,0,3,139,"1,823"
61257,"1,198",629,569,37.3,"1,189",14,13,7,0,4,21,"1,177"
61258,236,124,112,37.2,236,0,0,0,0,0,0,236
61259,"1,283",611,672,41.7,"1,283",0,7,0,0,158,158,"1,125"
61260,"1,062",474,588,41.7,"1,053",0,3,0,0,8,18,"1,044"
61261,934,497,437,37.8,919,0,0,3,0,14,16,918
61262,"1,123",564,559,46.9,"1,107",0,0,0,0,16,70,"1,053"
61263,743,359,384,33.6,730,0,2,17,0,1,81,662
61264,"10,621","5,037","5,584",45.7,"10,118",407,80,72,41,135,573,"10,048"
61265,"43,706","21,526","22,180",39.9,"38,136","3,419",359,"1,323",19,"1,767","7,283","36,423"
61270,"7,007","3,488","3,519",46.2,"6,923",41,0,88,8,24,86,"6,921"
61272,"1,198",617,581,45,"1,183",25,5,1,0,9,34,"1,164"
61273,"3,243","1,651","1,592",45.7,"3,190",45,10,12,0,47,53,"3,190"
61274,201,115,86,53.7,201,0,0,0,0,0,8,193
61275,"4,750","2,396","2,354",41.3,"4,561",66,93,82,0,216,278,"4,472"
61276,110,31,79,39.1,41,0,0,0,0,69,69,41
61277,"3,245","1,627","1,618",47.4,"3,181",61,15,35,14,0,36,"3,209"
61278,479,226,253,41.5,464,8,1,15,0,9,9,470
61279,870,460,410,46.3,865,4,0,0,0,1,17,853
61281,"2,394","1,244","1,150",49.5,"2,320",67,10,37,0,0,7,"2,387"
61282,"7,820","3,614","4,206",38.7,"6,956",968,82,42,12,269,"1,407","6,413"
61283,"1,742",897,845,30.4,"1,737",3,0,0,0,5,14,"1,728"
61284,"2,110","1,010","1,100",52.1,"2,032",11,7,33,0,56,42,"2,068"
61285,"1,627",880,747,50,"1,624",0,0,3,0,0,13,"1,614"
61301,"10,088","5,116","4,972",38.2,"9,410",159,2,124,17,509,"1,887","8,201"
61310,"3,748","1,837","1,911",46.9,"3,629",44,0,41,15,34,85,"3,663"
61311,204,113,91,48,204,0,0,0,0,0,0,204
61312,511,261,250,46.7,484,7,5,0,0,22,26,485
61313,209,104,105,42.8,209,0,0,0,0,0,0,209
61314,885,441,444,44.6,855,0,0,30,0,0,0,885
61315,213,110,103,36.8,213,0,1,0,0,0,1,212
61316,299,149,150,36.8,299,0,0,0,0,0,32,267
61317,479,271,208,39.7,479,0,0,0,0,0,8,471
61318,845,357,488,37.1,696,16,15,4,0,123,169,676
61319,"1,434",792,642,42.6,"1,434",24,3,0,0,0,15,"1,419"
61320,724,390,334,48.1,655,22,6,26,0,23,42,682
61321,248,102,146,46.4,248,0,0,0,0,0,13,235
61322,"1,454",816,638,37.1,"1,045",10,22,11,0,396,948,506
61323,91,35,56,50.8,91,0,0,0,0,0,0,91
61324,92,63,29,58.5,92,0,0,0,0,0,0,92
61325,970,472,498,41.8,910,3,2,12,0,50,109,861
61326,"2,297","1,170","1,127",44.9,"2,273",0,26,13,0,24,139,"2,158"
61327,"1,326",692,634,44.3,"1,310",22,9,8,0,0,38,"1,288"
61328,25,8,17,17.6,25,0,0,0,0,0,0,25
61329,"1,185",587,598,42.9,"1,133",0,0,7,0,49,83,"1,102"
61330,"1,437",730,707,49.4,"1,388",6,7,43,0,0,6,"1,431"
61331,18,9,9,-,18,0,0,0,0,0,0,18
61332,77,39,38,38.8,71,0,0,0,0,6,6,71
61333,323,176,147,42.1,317,0,4,6,0,0,3,320
61334,732,377,355,38.2,729,9,2,5,11,0,19,713
61335,441,236,205,54,429,0,3,9,0,3,84,357
61336,569,317,252,36.3,539,15,9,0,73,3,15,554
61337,393,211,182,42.6,376,0,0,0,0,21,24,369
61338,257,150,107,43.3,257,0,2,0,0,0,20,237
61340,245,117,128,47.7,245,0,0,0,0,0,4,241
61341,"7,999","3,791","4,208",41.3,"7,856",38,31,38,4,73,293,"7,706"
61342,"8,763","4,476","4,287",40.2,"8,310",109,36,139,21,313,"2,145","6,618"
61344,376,196,180,45.2,371,2,5,0,3,0,0,376
61345,835,443,392,43.4,808,4,3,3,0,17,19,816
61346,67,33,34,65.1,64,0,0,3,0,0,2,65
61348,"4,483","2,263","2,220",41.8,"4,330",124,13,69,0,52,344,"4,139"
61349,863,434,429,46.1,856,7,0,0,0,0,0,863
61350,"23,835","11,340","12,495",40.8,"22,359","1,083",218,330,0,443,"1,970","21,865"
61353,"1,201",566,635,46.2,"1,195",0,8,3,0,3,52,"1,149"
61354,"10,589","4,801","5,788",46.4,"10,289",158,17,116,10,226,882,"9,707"
61356,"10,680","4,917","5,763",46.9,"10,382",61,67,81,8,188,742,"9,938"
61358,312,152,160,48.7,307,2,0,0,0,4,9,303
61359,338,152,186,39.4,328,0,0,7,0,7,16,322
61360,"3,678","1,870","1,808",35.6,"3,661",4,5,25,0,0,219,"3,459"
61361,"1,117",521,596,45.6,"1,103",23,6,7,0,2,47,"1,070"
61362,"5,585","2,706","2,879",40.7,"4,927",272,47,107,0,394,861,"4,724"
61363,266,153,113,46.8,266,10,5,0,0,0,28,238
61364,"19,054","9,651","9,403",44.5,"17,814",738,221,229,0,333,"1,560","17,494"
61367,739,343,396,46.3,728,2,2,2,0,5,29,710
61368,"1,428",718,710,47,"1,414",13,9,5,0,6,38,"1,390"
61369,"1,656",785,871,50.9,"1,615",18,7,10,6,10,203,"1,453"
61370,"1,393",741,652,41.9,"1,384",0,7,10,0,13,93,"1,300"
61372,161,86,75,30.3,161,0,0,0,0,0,21,140
61373,"2,134","1,095","1,039",48.9,"2,096",0,0,62,0,4,46,"2,088"
61374,118,59,59,66.5,118,0,0,0,0,0,0,118
61375,"1,157",603,554,56.2,"1,120",0,0,8,0,32,48,"1,109"
61376,"2,118","1,076","1,042",47.6,"2,118",7,29,5,0,0,61,"2,057"
61377,"1,421",662,759,39.1,"1,409",13,5,0,0,9,48,"1,373"
61378,333,176,157,59.2,333,0,0,0,0,0,2,331
61379,"1,488",772,716,41.7,"1,475",32,7,6,0,10,39,"1,449"
61401,"33,685","17,411","16,274",41.4,"27,683","4,743",306,645,0,"1,028","2,478","31,207"
61410,"3,892","1,731","2,161",39.4,"3,865",55,62,0,0,0,39,"3,853"
61411,444,274,170,54.6,444,0,0,0,0,0,12,432
61412,"1,467",760,707,44,"1,445",90,21,0,2,0,13,"1,454"
61413,906,442,464,42.4,891,3,0,0,0,15,12,894
61414,937,497,440,37,902,32,0,6,0,0,16,921
61415,"1,889",945,944,39.8,"1,887",8,0,0,0,0,4,"1,885"
61416,294,128,166,39.1,294,0,0,0,0,0,0,294
61417,286,139,147,50.9,281,0,0,5,0,0,5,281
61418,542,249,293,56.2,536,0,4,6,0,0,0,542
61419,114,46,68,59,112,2,0,1,0,0,0,114
61420,"1,121",574,547,44.1,"1,115",20,4,0,0,0,0,"1,121"
61421,"1,300",667,633,44.4,"1,274",24,0,7,0,2,25,"1,275"
61422,"3,164","1,651","1,513",43.1,"3,101",31,8,28,0,0,0,"3,164"
61423,519,228,291,49.3,513,0,0,0,0,6,6,513
61424,135,72,63,27.4,135,0,0,0,0,0,0,135
61425,375,181,194,60.6,375,0,0,0,0,0,11,364
61426,109,48,61,36.8,109,0,0,0,0,0,0,109
61427,"2,192","1,073","1,119",47.2,"2,122",92,0,0,0,5,15,"2,177"
61428,"1,022",542,480,54.3,963,46,0,0,0,13,47,975
61430,677,345,332,45.5,677,11,0,6,0,0,10,667
61431,296,161,135,51.2,296,0,0,0,0,0,1,295
61432,658,326,332,44.3,647,5,0,0,6,0,32,626
61433,107,60,47,49.3,107,0,0,0,0,0,0,107
61434,"3,012","1,607","1,405",43.9,"2,965",33,8,19,0,35,75,"2,937"
61435,29,6,23,68.3,29,0,0,0,0,0,0,29
61436,650,301,349,54.6,641,18,0,0,0,19,48,602
61437,972,484,488,37.8,972,0,2,0,0,0,18,954
61438,917,511,406,39.4,916,3,0,0,0,0,37,880
61439,242,133,109,52.5,233,5,0,0,0,4,12,230
61440,690,350,340,44,686,0,8,0,0,4,8,682
61441,"1,001",504,497,47,979,0,0,22,0,10,10,991
61442,708,326,382,44.6,702,7,2,5,0,0,0,708
61443,"13,663","6,545","7,118",40.2,"12,054",783,33,187,0,796,"1,389","12,274"
61447,"1,025",514,511,45.7,"1,011",0,0,0,0,14,14,"1,011"
61448,"3,837","1,729","2,108",42.6,"3,806",40,4,20,0,14,101,"3,736"
61449,337,186,151,48.9,337,0,0,0,0,0,6,331
61450,"1,787",858,929,43.8,"1,787",14,10,0,0,0,28,"1,759"
61451,331,185,146,45.8,331,4,0,0,0,0,0,331
61452,222,102,120,48.2,222,0,0,0,0,0,1,221
61453,578,310,268,39.1,530,0,11,37,0,0,3,575
61454,500,217,283,47.9,500,5,0,0,0,7,21,479
61455,"20,698","9,693","11,005",27.9,"18,433","1,761",167,762,61,127,754,"19,944"
61458,669,341,328,54.3,669,0,0,0,0,0,21,648
61459,385,210,175,56.2,359,26,1,0,0,0,1,384
61460,322,133,189,48.5,322,0,3,0,0,0,21,301
61462,"11,521","5,439","6,082",36.1,"9,961",543,172,411,0,704,"1,553","9,968"
61465,"1,161",629,532,47.8,"1,150",18,3,2,0,0,20,"1,141"
61466,326,184,142,55,319,0,7,0,0,0,0,326
61467,"1,170",605,565,37.6,"1,134",27,46,0,0,9,9,"1,161"
61468,81,47,34,32.8,81,7,0,0,0,0,0,81
61469,"2,248","1,176","1,072",52,"2,197",11,37,32,0,0,33,"2,215"
61470,537,253,284,43,520,18,0,20,0,0,23,514
61471,60,28,32,63.5,60,0,7,0,0,0,0,60
61472,517,293,224,56.3,506,10,0,3,0,0,37,480
61473,"1,509",740,769,39.3,"1,460",20,3,0,0,29,30,"1,479"
61474,292,138,154,40.7,292,0,0,0,0,0,0,292
61475,203,113,90,50.3,203,2,0,0,0,0,0,203
61476,375,183,192,51.6,375,13,0,0,0,0,10,365
61477,573,237,336,47.3,572,0,1,0,0,0,2,571
61478,319,163,156,41.8,319,0,0,0,0,0,13,306
61479,65,34,31,29.4,65,0,0,0,0,0,0,65
61480,"1,210",583,627,44.3,"1,208",10,0,0,0,0,7,"1,203"
61482,671,329,342,33.9,663,1,1,8,0,0,3,668
61483,"2,090","1,039","1,051",46.4,"2,034",32,14,36,0,0,21,"2,069"
61484,832,406,426,43.6,815,2,0,4,0,11,11,821
61485,447,242,205,53.2,447,0,4,0,0,0,4,443
61486,"1,469",756,713,37,"1,460",0,25,11,0,9,35,"1,434"
61488,"1,040",501,539,48.7,"1,012",4,6,8,0,17,29,"1,011"
61489,870,403,467,42.1,863,7,0,1,0,0,24,846
61490,"1,134",631,503,43.1,"1,131",3,0,0,0,0,14,"1,120"
61491,"1,927",929,998,47.6,"1,902",6,14,25,0,0,14,"1,913"
61501,"1,534",871,663,40.8,"1,505",19,3,12,0,0,2,"1,532"
61516,676,353,323,35.3,663,13,0,0,0,0,0,676
61517,"3,274","1,769","1,505",44.1,"3,229",67,2,0,0,13,8,"3,266"
61519,230,119,111,54.3,230,0,1,9,0,0,0,230
61520,"16,806","9,163","7,643",41.7,"15,498","1,285",141,59,10,52,788,"16,018"
61523,"11,191","5,630","5,561",43.4,"10,950",31,8,216,0,18,335,"10,856"
61524,381,177,204,31.4,381,0,0,0,0,0,6,375
61525,"9,188","4,553","4,635",36.2,"7,211",306,47,"1,670",0,235,306,"8,882"
61526,810,315,495,47.6,798,12,4,0,0,0,13,797
61528,"3,127","1,647","1,480",39.7,"2,778",0,0,341,0,21,244,"2,883"
61529,"2,699","1,319","1,380",43.4,"2,653",0,0,60,0,0,31,"2,668"
61530,"7,245","3,551","3,694",35.7,"7,056",114,52,41,0,132,243,"7,002"
61531,"3,335","1,647","1,688",40.9,"3,274",0,38,77,0,8,77,"3,258"
61532,645,322,323,36.7,644,0,0,0,0,1,0,645
61533,"2,509","1,274","1,235",41.9,"2,489",0,0,0,0,20,27,"2,482"
61534,"1,806",946,860,42.4,"1,796",9,3,0,0,0,25,"1,781"
61535,"1,697",966,731,41.6,"1,662",16,41,0,0,0,0,"1,697"
61536,"2,918","1,437","1,481",46.1,"2,888",15,10,19,0,7,181,"2,737"
61537,"2,754","1,369","1,385",44.1,"2,744",0,8,43,34,0,7,"2,747"
61539,206,114,92,37,205,0,0,0,0,1,4,202
61540,"2,770","1,360","1,410",46,"2,725",28,20,6,0,0,37,"2,733"
61541,91,40,51,55.3,88,0,0,3,0,0,0,91
61542,"3,628","1,818","1,810",46.3,"3,554",33,28,0,7,37,70,"3,558"
61543,152,69,83,56.5,152,0,0,0,0,0,0,152
61544,590,302,288,44,590,0,16,0,0,0,0,590
61545,700,361,339,36.2,692,0,0,5,0,3,8,692
61546,"3,767","1,889","1,878",45.7,"3,716",69,17,7,6,5,66,"3,701"
61547,"4,138","2,071","2,067",42.9,"4,104",13,0,0,9,24,68,"4,070"
61548,"11,950","5,873","6,077",41.8,"11,793",97,88,213,0,19,142,"11,808"
61550,"17,787","8,457","9,330",42.8,"17,225",248,31,258,9,95,529,"17,258"
61552,146,60,86,34.6,146,0,0,0,0,0,0,146
61553,140,60,80,41,140,0,0,0,0,0,0,140
61554,"42,059","20,686","21,373",40.8,"40,945",975,381,310,52,162,879,"41,180"
61559,"3,263","1,630","1,633",41.8,"3,190",22,11,80,2,0,208,"3,055"
61560,560,268,292,63.7,533,14,0,13,0,0,0,560
61561,"2,469","1,251","1,218",44.5,"2,437",15,0,9,0,10,82,"2,387"
61562,44,35,9,48.6,44,0,0,0,0,0,10,34
61563,519,264,255,39.3,519,0,2,0,0,0,1,518
61564,962,440,522,32.8,959,6,2,3,0,0,3,959
61565,"1,448",738,710,47.3,"1,447",0,14,1,0,0,51,"1,397"
61567,540,276,264,45.8,540,16,4,0,0,0,0,540
61568,"4,223","2,116","2,107",36.6,"4,121",10,19,98,0,7,58,"4,165"
61569,"1,184",542,642,54,"1,145",0,43,16,10,0,9,"1,175"
61570,"1,787",940,847,38.4,"1,781",21,15,23,0,0,25,"1,762"
61571,"24,974","11,943","13,031",38.8,"24,009",669,83,591,10,170,511,"24,463"
61572,"1,191",589,602,45.2,"1,186",32,20,0,0,0,0,"1,191"
61602,877,683,194,42.4,618,218,3,74,0,9,68,809
61603,"16,655","7,838","8,817",31.5,"8,542","8,002",362,176,12,"1,226","1,745","14,910"
61604,"30,582","14,642","15,940",38.5,"21,491","8,951",205,665,0,402,"1,339","29,243"
61605,"15,713","7,422","8,291",31.7,"6,353","9,391",202,65,68,509,"1,432","14,281"
61606,"7,870","3,938","3,932",22,"6,092","1,596",17,370,14,78,405,"7,465"
61607,"10,673","5,317","5,356",41.4,"10,513",237,18,117,15,32,212,"10,461"
61610,"5,493","2,785","2,708",40.2,"5,429",94,94,0,0,32,43,"5,450"
61611,"24,877","12,669","12,208",44,"23,910",505,131,517,0,99,740,"24,137"
61614,"28,012","13,243","14,769",40.9,"22,924","3,548",262,"2,194",36,367,687,"27,325"
61615,"23,168","11,005","12,163",37.1,"16,543","4,371",282,"2,521",30,616,"1,227","21,941"
61616,"5,910","2,746","3,164",36.3,"5,577",734,54,22,0,19,102,"5,808"
61625,370,202,168,20.3,321,23,0,33,0,0,28,342
61701,"35,783","17,527","18,256",33.7,"29,546","4,956",274,"1,459",33,482,"3,287","32,496"
61704,"37,204","18,626","18,578",35.8,"28,698","2,690",155,"5,564",0,"1,032","1,458","35,746"
61705,"12,971","6,313","6,658",36.5,"11,355","1,281",29,433,0,73,193,"12,778"
61720,201,106,95,30.1,201,0,0,0,0,0,0,201
61721,592,307,285,46.8,588,0,10,4,0,0,15,577
61722,478,230,248,37.5,473,2,5,0,0,0,0,478
61723,"2,595","1,322","1,273",40.1,"2,568",2,124,12,0,20,118,"2,477"
61724,494,238,256,47.9,493,0,22,0,0,0,0,494
61725,"1,703",973,730,35.6,"1,597",105,0,16,0,10,13,"1,690"
61726,"2,427","1,248","1,179",41.1,"2,366",55,3,21,0,17,79,"2,348"
61727,"9,826","4,869","4,957",41.8,"9,549",89,126,4,0,186,415,"9,411"
61728,"1,311",594,717,41.5,"1,286",10,22,0,0,19,52,"1,259"
61729,"1,201",614,587,39.6,"1,188",7,10,8,0,6,17,"1,184"
61730,301,162,139,50.6,301,0,0,0,0,0,1,300
61731,194,87,107,44.4,194,0,0,0,0,0,0,194
61732,"2,057","1,034","1,023",39.6,"2,035",35,26,37,0,0,10,"2,047"
61733,831,406,425,38.4,831,2,0,0,0,0,3,828
61734,"2,765","1,358","1,407",41.8,"2,727",20,13,10,0,6,115,"2,650"
61735,454,218,236,42.4,451,0,25,1,0,3,0,454
61736,"1,750",874,876,43.3,"1,729",18,9,11,1,8,95,"1,655"
61737,476,237,239,42.5,467,6,0,6,0,0,0,476
61738,"4,395","2,225","2,170",36,"4,294",160,4,0,0,0,21,"4,374"
61739,"4,577","2,225","2,352",38.5,"4,498",0,0,79,0,0,391,"4,186"
61740,"1,536",706,830,49.2,"1,485",20,8,21,0,20,52,"1,484"
61741,"1,703",860,843,34.5,"1,690",12,15,0,0,7,77,"1,626"
61742,"1,250",641,609,43.9,"1,247",3,0,0,0,0,0,"1,250"
61743,205,95,110,38.5,195,15,0,0,0,0,5,200
61744,"1,865",890,975,37.4,"1,794",64,12,6,0,17,70,"1,795"
61745,"4,614","2,343","2,271",36,"4,555",66,14,107,64,11,103,"4,511"
61747,"1,479",719,760,46.4,"1,475",7,8,0,0,2,17,"1,462"
61748,"2,720","1,298","1,422",39.7,"2,688",37,0,8,0,14,11,"2,709"
61749,461,229,232,56.4,461,0,3,0,0,0,0,461
61750,154,104,50,25.8,154,0,12,0,0,0,0,154
61751,83,45,38,46.9,83,0,0,0,0,0,0,83
61752,"4,389","2,193","2,196",43,"4,373",11,18,0,0,5,0,"4,389"
61753,"3,058","1,453","1,605",41.1,"3,022",31,14,4,0,0,13,"3,045"
61754,"1,063",515,548,50.4,"1,061",0,10,1,0,3,6,"1,057"
61755,"4,738","2,395","2,343",39,"4,698",21,14,0,0,9,91,"4,647"
61756,"2,413","1,323","1,090",39.6,"2,389",37,189,13,0,0,22,"2,391"
61759,"1,529",760,769,43.8,"1,515",4,14,0,0,0,66,"1,463"
61760,"2,519","1,213","1,306",40.3,"2,472",34,0,16,0,27,39,"2,480"
61761,"55,222","25,848","29,374",24.7,"46,040","6,665",312,"3,100",25,464,"2,917","52,305"
61764,"14,026","7,479","6,547",41.1,"12,422","1,392",95,192,0,125,709,"13,317"
61769,621,305,316,43.1,568,0,10,45,0,31,52,569
61770,"1,138",530,608,42.5,"1,127",0,0,0,0,11,31,"1,107"
61771,743,380,363,42.2,737,0,4,1,0,8,9,734
61772,238,120,118,55.3,238,0,0,0,0,0,0,238
61773,413,240,173,43.3,413,3,0,0,0,0,3,410
61774,"1,120",653,467,36,"1,108",10,7,5,0,5,18,"1,102"
61775,327,157,170,44.5,325,0,0,0,0,2,23,304
61776,"1,348",643,705,48.5,"1,341",1,5,0,0,6,6,"1,342"
61777,728,343,385,43,728,2,41,0,0,0,4,724
61778,691,329,362,34.6,691,0,1,0,0,0,0,691
61801,"31,157","16,296","14,861",23.6,"19,386","4,644",334,"7,330",100,278,"2,150","29,007"
61802,"19,349","9,288","10,061",36.1,"13,764","4,197",193,"1,501",40,261,"1,306","18,043"
61810,346,162,184,41,336,4,0,5,0,4,3,343
61811,678,322,356,41.1,674,4,5,38,0,0,1,677
61812,381,182,199,54.5,351,0,0,4,3,30,30,351
61813,"1,656",821,835,45,"1,618",40,13,4,1,0,4,"1,652"
61814,"1,074",531,543,43.9,"1,023",29,0,9,0,15,41,"1,033"
61815,259,133,126,45.5,256,0,1,5,0,0,27,232
61816,458,229,229,44.4,453,1,1,4,0,0,4,454
61817,"2,516","1,281","1,235",42.2,"2,516",0,0,0,0,14,28,"2,488"
61818,"1,712",880,832,38.2,"1,711",4,14,15,0,0,1,"1,711"
61820,"38,156","20,113","18,043",22.4,"25,955","5,697",137,"6,496",0,574,"2,979","35,177"
61821,"30,582","15,186","15,396",35.3,"21,347","7,939",226,"1,630",48,443,"1,813","28,769"
61822,"25,829","12,329","13,500",39.5,"18,079","3,402",166,"4,944",0,197,870,"24,959"
61830,337,178,159,48.3,336,3,14,0,0,0,0,337
61831,134,79,55,59.3,128,0,0,6,0,0,0,134
61832,"34,918","16,578","18,340",38.2,"24,759","10,018",89,496,33,325,"1,872","33,046"
61833,"2,199","1,034","1,165",44,"2,199",22,10,0,0,0,167,"2,032"
61834,"8,778","5,172","3,606",42.2,"7,524","1,208",43,48,26,25,454,"8,324"
61839,610,313,297,43.8,608,2,12,0,0,0,22,588
61840,819,456,363,53.1,819,0,0,0,0,0,0,819
61841,"1,341",653,688,39.3,"1,337",3,6,1,0,0,14,"1,327"
61842,"2,727","1,345","1,382",48,"2,709",0,66,0,9,7,7,"2,720"
61843,"2,368","1,166","1,202",37.8,"2,343",14,11,33,18,0,46,"2,322"
61844,715,309,406,56,704,12,5,0,0,3,5,710
61845,383,187,196,52.6,383,0,0,0,0,0,3,380
61846,"4,918","2,510","2,408",41,"4,756",156,26,20,9,8,43,"4,875"
61847,"1,239",627,612,42.8,"1,216",21,2,0,0,0,25,"1,214"
61848,230,110,120,39.9,230,0,0,0,0,0,0,230
61849,"1,999","1,098",901,42,"1,997",0,2,0,0,0,5,"1,994"
61850,418,212,206,44.8,416,10,0,0,0,0,2,416
61851,295,147,148,46.4,295,0,0,0,0,0,0,295
61852,221,118,103,34.4,221,1,5,0,0,0,5,216
61853,"13,981","6,697","7,284",35.5,"13,422",437,24,267,40,68,680,"13,301"
61854,"1,197",585,612,44.7,"1,197",1,23,0,0,5,56,"1,141"
61855,104,58,46,52,104,0,0,0,0,0,0,104
61856,"7,884","3,763","4,121",41.8,"7,722",90,89,86,0,57,113,"7,771"
61857,195,106,89,37.9,195,0,0,0,0,0,0,195
61858,"3,017","1,404","1,613",44.5,"2,940",18,6,19,0,40,88,"2,929"
61859,"1,226",621,605,43.5,"1,215",0,13,21,0,0,10,"1,216"
61862,533,273,260,43.8,527,12,0,10,0,0,4,529
61863,806,390,416,44.7,781,1,9,16,82,11,93,713
61864,"1,719",872,847,44.7,"1,719",0,0,0,0,0,0,"1,719"
61865,"1,560",782,778,32.5,"1,482",39,2,50,0,9,27,"1,533"
61866,"14,296","6,977","7,319",34.4,"10,544","3,128",101,663,147,407,"1,554","12,742"
61870,"1,320",725,595,41.5,"1,267",21,5,1,0,48,67,"1,253"
61871,304,154,150,45.5,304,0,1,0,0,0,0,304
61872,898,393,505,44.2,897,2,1,0,0,0,3,895
61873,"6,519","3,198","3,321",36.8,"6,381",2,38,123,0,17,94,"6,425"
61874,"8,150","3,781","4,369",33,"6,307",500,0,"1,503",0,66,395,"7,755"
61875,818,320,498,32.8,818,0,0,0,0,0,0,818
61876,561,261,300,51.7,561,0,4,0,0,0,5,556
61877,"1,803",944,859,35.5,"1,767",34,3,4,0,4,20,"1,783"
61878,"1,310",630,680,48.5,"1,291",24,1,9,4,0,9,"1,301"
61880,"3,831","1,887","1,944",37.8,"3,647",148,0,89,0,29,129,"3,702"
61882,694,376,318,50.7,693,0,30,0,1,0,4,690
61883,"4,284","2,042","2,242",38.2,"4,072",94,183,19,2,1,80,"4,204"
61884,"1,124",545,579,50.5,"1,121",3,0,0,0,0,0,"1,124"
61910,"4,225","2,010","2,215",33.8,"4,051",99,44,10,5,185,989,"3,236"
61911,"5,071","2,455","2,616",31.3,"5,037",21,24,6,11,14,80,"4,991"
61912,"1,227",556,671,45.2,"1,222",6,1,0,0,5,5,"1,222"
61913,"1,463",707,756,47.8,"1,454",1,13,11,0,2,7,"1,456"
61914,"1,833",858,975,43.5,"1,833",0,2,0,0,0,1,"1,832"
61917,771,396,375,34.9,771,0,0,11,0,0,16,755
61919,942,438,504,45.3,942,0,0,0,0,0,4,938
61920,"24,001","11,441","12,560",27.9,"21,635","1,875",231,632,137,81,798,"23,203"
61924,"2,258","1,126","1,132",51.1,"2,238",26,0,4,0,12,12,"2,246"
61925,670,334,336,46.4,670,11,9,0,0,0,9,661
61928,665,397,268,49.3,650,16,9,0,0,0,0,665
61929,683,395,288,40.4,683,0,11,0,0,0,12,671
61930,745,362,383,36.3,732,11,0,6,0,0,28,717
61931,"1,080",521,559,44.3,"1,076",6,0,0,0,6,33,"1,047"
61932,439,215,224,45.1,436,3,0,0,0,10,15,424
61933,901,453,448,47,901,0,0,0,0,0,5,896
61936,290,137,153,40.1,290,0,7,0,0,0,0,290
61937,"2,132","1,105","1,027",35.1,"2,100",37,11,0,0,0,16,"2,116"
61938,"21,840","10,711","11,129",41,"21,317",547,76,59,8,67,384,"21,456"
61940,238,121,117,46,238,0,0,0,0,13,13,225
61941,79,45,34,53.6,79,0,0,0,0,0,0,79
61942,"1,045",482,563,51.1,"1,027",0,13,1,0,6,24,"1,021"
61943,"1,660",770,890,47.8,"1,658",0,10,0,0,0,60,"1,600"
61944,"12,259","5,980","6,279",43.8,"12,036",55,7,190,0,44,140,"12,119"
61949,145,68,77,57.1,131,0,0,14,0,0,0,145
61951,"7,956","3,864","4,092",41.2,"7,848",110,21,39,0,17,163,"7,793"
61953,"6,067","3,131","2,936",41,"5,910",43,20,111,28,10,188,"5,879"
61955,189,105,84,40.3,187,13,0,0,0,0,0,189
61956,"2,709","1,370","1,339",42.2,"2,559",64,44,19,0,39,117,"2,592"
61957,"1,912",991,921,40.2,"1,912",0,18,0,0,0,83,"1,829"
62001,"1,796",838,958,44.7,"1,794",0,0,0,0,2,8,"1,788"
62002,"31,059","14,535","16,524",41.7,"24,328","7,077",393,406,55,206,720,"30,339"
62006,490,237,253,44.8,490,0,0,0,0,0,0,490
62009,"1,814",959,855,38.8,"1,789",2,15,7,0,6,50,"1,764"
62010,"11,357","5,709","5,648",41.1,"11,051",177,45,183,13,55,162,"11,195"
62011,172,100,72,53,172,0,0,0,0,0,0,172
62012,"6,426","3,366","3,060",44.4,"6,414",63,28,0,0,20,80,"6,346"
62013,693,345,348,49.3,693,0,0,0,0,0,0,693
62014,"4,131","1,967","2,164",44.6,"4,056",35,36,0,0,58,58,"4,073"
62015,635,307,328,45.7,622,0,0,0,13,0,0,635
62016,"3,674","1,826","1,848",39.7,"3,648",26,26,11,0,0,1,"3,673"
62017,897,465,432,48.4,886,0,14,0,0,0,0,897
62018,"3,034","1,474","1,560",42.3,"2,962",119,0,0,0,16,31,"3,003"
62019,393,189,204,54.2,386,0,3,4,0,0,0,393
62021,920,462,458,52.8,920,0,0,0,0,0,12,908
62022,"1,060",546,514,48.7,"1,037",0,46,0,0,0,0,"1,060"
62023,117,58,59,31.2,115,0,0,14,0,0,0,117
62024,"9,916","4,958","4,958",40.1,"9,426",372,7,168,0,60,177,"9,739"
62025,"34,313","17,047","17,266",34.5,"30,610","3,432",235,867,102,113,"1,055","33,258"
62027,494,268,226,50.4,469,0,0,25,0,0,0,494
62028,"1,279",637,642,21.5,"1,226",52,15,26,0,28,15,"1,264"
62030,149,55,94,35.5,149,0,0,0,0,0,0,149
62031,749,404,345,51.6,749,13,0,0,0,0,16,733
62032,732,324,408,39.4,732,0,5,0,0,0,0,732
62033,"4,515","2,123","2,392",45.6,"4,385",51,36,101,0,14,85,"4,430"
62034,"13,667","6,914","6,753",40.4,"12,544",962,0,382,22,49,266,"13,401"
62035,"16,520","8,069","8,451",46.3,"14,924","1,435",75,109,0,117,231,"16,289"
62036,803,450,353,56.4,803,0,0,0,0,0,0,803
62037,"2,205","1,126","1,079",44.9,"2,156",61,5,24,0,0,18,"2,187"
62040,"42,447","20,951","21,496",41.2,"38,655","3,170",441,250,80,693,"2,800","39,647"
62044,"2,094",960,"1,134",45.3,"2,094",3,5,0,0,0,3,"2,091"
62045,429,231,198,43.9,429,0,0,0,0,0,2,427
62046,769,402,367,30.7,751,0,0,12,6,0,6,763
62047,"1,443",722,721,45.8,"1,386",15,3,41,0,20,41,"1,402"
62048,"1,829",919,910,33.6,"1,823",0,3,0,0,6,5,"1,824"
62049,"8,946","5,540","3,406",40.3,"7,611","1,300",34,52,0,81,293,"8,653"
62050,354,160,194,35.5,354,0,0,0,0,0,6,348
62051,585,308,277,56.6,584,1,0,0,0,0,5,580
62052,"12,292","5,809","6,483",40.9,"12,204",281,28,36,0,55,181,"12,111"
62053,626,317,309,30.7,623,2,1,0,0,0,8,618
62054,781,474,307,45.7,781,4,71,0,0,0,23,758
62056,"8,574","4,091","4,483",45.5,"8,400",156,33,37,0,18,169,"8,405"
62058,757,384,373,50.8,732,0,23,2,0,0,8,749
62059,452,172,280,45.3,9,443,0,0,0,0,4,448
62060,"4,586","2,150","2,436",38.6,"1,880","2,815",27,5,0,4,88,"4,498"
62061,"1,671",860,811,41,"1,648",0,0,27,0,8,41,"1,630"
62062,"8,008","4,033","3,975",45.1,"7,465",389,88,250,0,0,230,"7,778"
62063,"1,082",518,564,52.7,"1,079",0,0,0,3,0,0,"1,082"
62065,179,57,122,21.5,179,0,0,0,0,0,0,179
62067,"2,755","1,226","1,529",45.1,"2,723",0,16,32,0,0,0,"2,755"
62069,"3,088","1,548","1,540",45.4,"3,040",19,8,22,0,8,12,"3,076"
62070,48,9,39,65.9,48,0,28,0,0,0,0,48
62074,"1,333",625,708,40.8,"1,292",13,1,0,0,29,33,"1,300"
62075,"3,662","1,682","1,980",38.1,"3,628",22,30,14,0,19,20,"3,642"
62076,112,60,52,38.8,112,0,0,0,0,0,0,112
62077,240,119,121,36.5,240,0,2,0,0,0,5,235
62078,78,36,42,44.2,78,0,0,0,0,0,0,78
62079,244,94,150,31.4,244,0,0,0,0,0,0,244
62080,"2,433","1,182","1,251",42.7,"2,425",8,21,0,0,0,0,"2,433"
62081,354,181,173,33.4,354,0,0,0,0,0,2,352
62082,"2,746","1,557","1,189",39.8,"2,560",140,63,7,0,9,35,"2,711"
62083,237,134,103,44.2,208,0,0,29,0,0,0,237
62084,"1,464",745,719,41.6,"1,421",23,32,11,2,14,27,"1,437"
62085,192,76,116,35.5,191,0,4,7,6,0,3,189
62086,"1,263",606,657,44.4,"1,237",2,4,18,0,8,66,"1,197"
62087,"2,172","1,102","1,070",31.2,"1,998",196,4,0,0,3,82,"2,090"
62088,"6,569","3,399","3,170",43.7,"6,563",5,11,16,0,0,13,"6,556"
62089,501,296,205,45,497,0,0,0,0,4,4,497
62090,"1,293",571,722,28,71,"1,229",12,11,0,0,33,"1,260"
62091,380,173,207,36,380,0,0,0,0,0,0,380
62092,"2,932","1,365","1,567",49.3,"2,900",43,0,0,0,0,39,"2,893"
62093,477,243,234,43.8,460,3,11,0,0,12,15,462
62094,"1,148",547,601,43,"1,098",50,0,0,0,0,0,"1,148"
62095,"10,455","4,911","5,544",36.6,"9,923",576,38,169,5,24,159,"10,296"
62097,"3,064","1,511","1,553",41.1,"3,027",29,90,9,0,28,62,"3,002"
62098,24,8,16,56.6,24,0,0,0,0,0,0,24
62201,"7,570","3,285","4,285",26,"1,729","4,960",119,59,0,798,"2,019","5,551"
62203,"8,264","3,967","4,297",40.9,437,"7,754",27,41,0,55,90,"8,174"
62204,"7,954","3,624","4,330",35.8,228,"7,678",41,5,7,110,127,"7,827"
62205,"8,007","3,819","4,188",44.9,204,"7,747",20,0,4,141,178,"7,829"
62206,"15,121","7,106","8,015",34.6,"5,537","9,349",156,366,0,53,77,"15,044"
62207,"8,913","4,309","4,604",34.4,289,"8,593",56,3,0,13,66,"8,847"
62208,"16,516","8,252","8,264",40.4,"10,767","5,597",188,646,19,72,410,"16,106"
62214,"1,242",620,622,39.8,"1,232",0,10,36,3,17,18,"1,224"
62215,"1,907","1,032",875,35.6,"1,794",72,0,19,0,84,249,"1,658"
62216,"2,742","1,360","1,382",37.9,"2,719",10,0,16,4,0,32,"2,710"
62217,748,421,327,46.8,748,2,53,0,0,0,0,748
62218,"1,820",954,866,40.4,"1,819",0,0,1,0,0,4,"1,816"
62219,954,413,541,40.6,941,13,5,0,0,0,31,923
62220,"18,302","9,182","9,120",37,"14,408","3,928",417,347,0,85,371,"17,931"
62221,"29,949","13,928","16,021",38.5,"21,247","8,102",193,"1,143",11,591,"1,336","28,613"
62223,"16,309","7,795","8,514",43.3,"12,565","3,714",49,195,24,120,456,"15,853"
62225,"5,128","2,930","2,198",22.8,"3,799","1,370",107,108,72,107,299,"4,829"
62226,"28,666","13,553","15,113",42.5,"21,556","6,839",330,450,0,521,984,"27,682"
62230,"6,279","2,997","3,282",39.6,"6,215",5,4,122,0,50,89,"6,190"
62231,"7,436","3,713","3,723",42.2,"7,074",194,91,64,0,95,200,"7,236"
62232,"6,705","3,198","3,507",37.5,"6,270",412,53,28,11,104,504,"6,201"
62233,"9,680","6,639","3,041",40.3,"7,112","2,510",22,43,20,84,562,"9,118"
62234,"32,426","15,507","16,919",39.1,"27,738","3,417",94,575,128,"1,274","2,239","30,187"
62236,"13,757","6,630","7,127",42.2,"13,517",34,47,156,0,81,227,"13,530"
62237,"2,435","1,314","1,121",48.1,"2,383",105,19,19,0,0,75,"2,360"
62238,619,318,301,37.9,619,6,0,0,0,0,0,619
62239,"4,715","2,165","2,550",40.7,"4,535",169,28,0,0,23,149,"4,566"
62240,"1,727",927,800,29.3,"1,678",51,4,0,0,0,212,"1,515"
62241,989,527,462,48.3,971,1,0,0,0,17,19,970
62242,"1,445",667,778,45.9,"1,435",0,0,10,0,0,6,"1,439"
62243,"5,795","3,058","2,737",48,"5,702",45,54,67,17,19,138,"5,657"
62244,897,445,452,53.9,897,0,0,5,0,0,1,896
62245,"1,692",912,780,42.6,"1,659",0,6,0,0,27,42,"1,650"
62246,"9,916","5,378","4,538",39.6,"8,632","1,059",84,195,0,67,444,"9,472"
62248,391,188,203,34.9,389,0,0,2,0,0,0,391
62249,"15,507","7,873","7,634",40.1,"14,922",264,43,295,0,77,395,"15,112"
62250,461,259,202,40.3,461,4,15,0,0,0,4,457
62253,583,289,294,50.4,582,1,0,0,0,0,0,583
62254,"6,292","2,907","3,385",41.9,"5,169","1,262",0,12,0,0,71,"6,221"
62255,"1,279",677,602,33.1,"1,219",19,3,48,7,0,30,"1,249"
62257,"2,678","1,320","1,358",48.6,"2,673",16,5,0,0,0,0,"2,678"
62258,"9,253","4,514","4,739",38.2,"8,766",373,79,162,27,101,219,"9,034"
62260,"7,405","3,655","3,750",44.1,"7,368",90,0,20,0,0,122,"7,283"
62261,64,26,38,64.7,64,0,0,0,0,0,0,64
62262,"1,503",732,771,51.1,"1,372",82,3,46,0,0,0,"1,503"
62263,"5,034","2,595","2,439",45.5,"4,977",23,1,0,0,34,46,"4,988"
62264,"3,745","2,042","1,703",42.4,"3,717",30,5,4,0,0,20,"3,725"
62265,"4,391","2,185","2,206",43.8,"4,185",219,0,0,0,48,103,"4,288"
62266,87,43,44,39,87,0,0,0,0,0,0,87
62268,712,362,350,36.5,699,0,2,4,0,9,12,700
62269,"32,029","15,694","16,335",37.4,"26,110","4,595",353,"1,717",62,687,"1,375","30,654"
62271,"2,153","1,036","1,117",41,"2,100",73,8,0,0,0,33,"2,120"
62272,"1,741",925,816,40.3,"1,590",27,0,4,0,121,193,"1,548"
62273,294,146,148,42.3,289,0,0,0,0,5,31,263
62274,"7,857","4,976","2,881",40.6,"6,151","1,658",18,81,0,29,367,"7,490"
62275,"3,705","1,807","1,898",43.2,"3,661",2,0,26,0,18,76,"3,629"
62277,"1,363",733,630,47.9,"1,363",0,26,0,0,0,15,"1,348"
62278,"6,543","3,303","3,240",43.3,"6,486",2,24,62,27,83,93,"6,450"
62279,7,0,7,-,7,0,0,0,0,0,0,7
62280,445,255,190,42.5,445,0,0,0,0,0,0,445
62281,"2,712","1,307","1,405",33.6,"2,706",12,9,0,0,0,26,"2,686"
62282,406,185,221,46,400,0,0,15,2,0,2,404
62284,549,268,281,45.9,549,0,0,0,0,0,0,549
62285,"4,436","2,173","2,263",41.7,"4,287",149,0,14,0,0,182,"4,254"
62286,"6,110","2,949","3,161",43.1,"5,334",793,3,77,16,20,84,"6,026"
62288,"3,094","1,524","1,570",39,"2,996",94,11,0,0,8,11,"3,083"
62289,351,175,176,39.1,345,0,0,0,0,6,31,320
62292,885,416,469,44.5,874,11,4,4,0,2,10,875
62293,"4,427","2,068","2,359",43.4,"4,358",14,0,51,0,13,49,"4,378"
62294,"14,117","6,657","7,460",38,"13,567",339,157,377,22,52,521,"13,596"
62295,"1,547",754,793,38.9,"1,542",7,45,6,0,6,83,"1,464"
62297,251,114,137,58.7,251,0,0,0,0,0,0,251
62298,"16,608","8,106","8,502",42.5,"16,375",53,63,214,0,47,262,"16,346"
62301,"32,078","15,134","16,944",38.2,"29,197","2,835",133,507,58,142,633,"31,445"
62305,"19,357","9,562","9,795",45.8,"18,720",418,149,196,0,0,280,"19,077"
62311,633,349,284,42.1,633,0,0,0,0,0,24,609
62312,"1,933",895,"1,038",40.4,"1,921",30,13,13,0,0,11,"1,922"
62313,378,192,186,51.5,377,1,2,0,0,0,0,378
62314,524,244,280,33.2,516,7,0,0,0,8,0,524
62316,545,294,251,42.4,539,6,0,0,0,0,0,545
62319,261,133,128,59.3,261,0,0,0,0,0,0,261
62320,"2,324","1,155","1,169",42.2,"2,234",4,99,21,0,0,0,"2,324"
62321,"3,845","1,868","1,977",45.1,"3,790",49,39,41,0,25,112,"3,733"
62323,268,148,120,37.8,268,0,0,0,0,0,0,268
62324,"1,076",591,485,46.1,"1,064",0,10,0,0,2,0,"1,076"
62325,466,242,224,33.8,436,0,0,30,0,0,0,466
62326,"2,337","1,188","1,149",40.1,"2,337",0,15,0,0,0,1,"2,336"
62330,"1,746",870,876,50.1,"1,692",64,1,10,0,0,0,"1,746"
62334,138,75,63,52,137,0,1,0,0,0,2,136
62336,18,9,9,57,18,0,0,0,0,0,0,18
62338,"1,316",721,595,38.4,"1,316",0,0,0,0,0,0,"1,316"
62339,874,397,477,48.5,874,0,17,12,0,0,27,847
62340,"1,894",923,971,43.1,"1,871",11,12,0,0,8,90,"1,804"
62341,"3,454","1,596","1,858",46.6,"3,361",59,46,49,0,0,0,"3,454"
62343,948,474,474,31.8,923,12,0,6,0,7,24,924
62344,14,3,11,63.7,14,0,0,0,0,0,0,14
62345,391,200,191,49.8,389,0,0,0,0,2,0,391
62346,189,101,88,37.9,189,0,2,0,0,0,0,189
62347,"1,956",982,974,42.2,"1,929",13,0,27,0,0,0,"1,956"
62348,166,62,104,42.9,165,0,0,1,0,0,3,163
62349,626,298,328,38.3,607,0,0,24,0,6,13,613
62351,"1,879",979,900,45.8,"1,854",25,0,0,0,0,49,"1,830"
62352,232,110,122,51.5,231,0,1,0,0,1,1,231
62353,"5,346","3,612","1,734",37.6,"3,913","1,366",26,37,0,32,256,"5,090"
62354,"1,592",853,739,50.9,"1,570",10,17,12,0,9,26,"1,566"
62355,754,391,363,52.6,750,6,0,11,0,1,7,747
62356,465,231,234,48.8,439,0,1,26,0,0,0,465
62357,475,188,287,36.9,475,53,0,0,0,0,0,475
62358,884,474,410,35.8,884,27,25,0,0,0,0,884
62359,209,118,91,40.1,209,0,0,0,0,0,0,209
62360,"1,918","1,042",876,34.3,"1,918",0,0,0,0,0,11,"1,907"
62361,522,307,215,34,520,0,2,0,0,0,0,522
62362,297,142,155,51.5,287,9,0,3,0,0,3,294
62363,"5,758","2,943","2,815",44.5,"5,539",199,26,6,0,12,52,"5,706"
62365,620,362,258,44.6,615,0,0,2,3,2,2,618
62366,"1,589",793,796,41.5,"1,556",0,33,0,1,0,13,"1,576"
62367,"1,033",550,483,52.3,"1,024",9,0,0,0,0,0,"1,033"
62370,234,135,99,43.6,234,0,0,0,0,0,0,234
62373,294,142,152,45.2,294,0,0,0,0,0,0,294
62374,345,196,149,54.5,345,0,0,0,0,0,0,345
62375,345,194,151,45.4,336,5,5,0,0,4,0,345
62376,"1,204",610,594,38.3,"1,204",5,0,4,0,0,3,"1,201"
62378,955,411,544,53.1,949,2,37,0,0,0,30,925
62379,"1,725",905,820,44.9,"1,717",0,9,6,0,5,76,"1,649"
62380,488,183,305,23.5,488,0,0,0,0,0,0,488
62401,"18,722","9,083","9,639",39.5,"18,198",256,59,253,15,181,638,"18,084"
62410,"1,249",596,653,35.5,"1,244",0,0,5,0,34,41,"1,208"
62411,"4,136","2,118","2,018",39.9,"4,120",15,4,0,0,5,12,"4,124"
62413,330,178,152,52.1,330,0,0,0,0,0,0,330
62414,"1,993","1,025",968,39.3,"1,989",4,4,0,0,0,1,"1,992"
62417,"3,281","1,608","1,673",42.7,"3,278",0,3,0,0,0,29,"3,252"
62418,"2,108","1,066","1,042",36.6,"2,108",0,7,5,0,0,0,"2,108"
62419,230,128,102,58.5,230,0,0,0,0,0,0,230
62420,"4,762","2,325","2,437",43.1,"4,700",53,13,19,0,27,55,"4,707"
62421,660,325,335,40.1,648,32,7,5,0,0,7,653
62422,"1,002",560,442,45.9,996,6,9,2,0,2,14,988
62423,485,212,273,46.5,485,0,0,0,0,0,0,485
62424,"2,445","1,273","1,172",34.9,"2,414",1,38,22,0,8,12,"2,433"
62425,502,279,223,46.6,502,0,4,0,0,0,0,502
62426,873,435,438,47.9,860,0,0,13,0,0,0,873
62427,"1,690",795,895,39.7,"1,666",2,11,30,12,4,0,"1,690"
62428,"2,803","1,398","1,405",43.8,"2,781",2,2,13,5,6,0,"2,803"
62431,"1,054",586,468,46.2,"1,054",0,0,0,0,0,0,"1,054"
62432,417,236,181,43,413,0,0,4,0,0,0,417
62433,927,465,462,48.3,924,0,0,3,0,3,2,925
62434,327,168,159,57.9,317,0,0,10,0,0,0,327
62436,697,409,288,40.8,697,15,0,0,0,0,0,697
62438,300,148,152,33.8,300,0,0,0,0,0,0,300
62439,"7,166","3,530","3,636",43.7,"6,936",204,80,71,9,172,217,"6,949"
62440,"1,315",688,627,37,"1,300",5,0,33,0,0,8,"1,307"
62441,"6,786","3,416","3,370",42.8,"6,617",41,49,85,0,122,163,"6,623"
62442,"2,814","1,385","1,429",42.8,"2,803",43,13,4,0,0,18,"2,796"
62443,"1,678",881,797,38.9,"1,664",18,5,0,4,0,0,"1,678"
62444,331,169,162,37.4,331,0,0,0,0,0,6,325
62445,"1,290",677,613,36.5,"1,275",0,0,12,0,3,17,"1,273"
62446,342,176,166,53,333,23,0,0,0,0,8,334
62447,"3,615","1,771","1,844",44,"3,581",46,17,29,0,0,69,"3,546"
62448,"5,565","2,654","2,911",43.7,"5,457",60,36,0,0,43,19,"5,546"
62449,"3,118","1,495","1,623",45,"3,060",56,39,15,1,23,54,"3,064"
62450,"12,230","5,915","6,315",42.4,"11,822",140,73,172,0,84,240,"11,990"
62451,"2,041",867,"1,174",44.7,"2,037",2,8,11,0,3,0,"2,041"
62452,421,213,208,38.7,421,0,3,0,0,0,0,421
62454,"11,088","6,200","4,888",40.5,"9,807","1,192",76,190,7,107,611,"10,477"
62458,"1,979",974,"1,005",47.6,"1,977",15,0,0,0,0,5,"1,974"
62459,341,155,186,32.9,340,1,0,0,0,0,4,337
62460,"1,154",558,596,40.8,"1,152",0,0,2,0,0,0,"1,154"
62461,672,330,342,51.6,672,0,0,0,0,0,0,672
62462,982,488,494,34.4,970,0,0,1,11,0,0,982
62463,"1,242",620,622,37.2,"1,223",0,0,19,0,0,3,"1,239"
62465,964,492,472,44.3,964,0,4,0,0,0,2,962
62466,"4,598","3,222","1,376",35,"3,144","1,458",115,48,0,23,370,"4,228"
62467,"4,281","2,138","2,143",37.3,"4,275",6,0,0,0,3,3,"4,278"
62468,"2,514","1,293","1,221",43,"2,441",30,60,15,15,42,45,"2,469"
62469,610,259,351,37.9,610,0,0,0,0,0,0,610
62471,"10,363","5,855","4,508",39.6,"9,198","1,036",46,56,0,63,394,"9,969"
62473,"1,443",728,715,41.5,"1,439",4,6,0,0,1,1,"1,442"
62474,970,484,486,45.4,960,3,3,4,0,3,11,959
62475,445,249,196,35.6,431,14,0,0,0,0,0,445
62476,"1,590",812,778,46.9,"1,577",47,0,2,0,0,23,"1,567"
62477,781,391,390,44.3,781,0,0,0,0,0,0,781
62478,389,187,202,43.8,386,2,0,0,0,1,1,388
62479,935,509,426,34.6,930,5,0,0,1,0,1,934
62480,470,237,233,53.9,463,7,0,0,0,0,0,470
62481,430,200,230,44.8,409,18,70,0,0,0,0,430
62501,"2,863","1,576","1,287",41.3,"2,851",48,200,0,0,2,18,"2,845"
62510,"1,538",787,751,40.6,"1,528",18,5,20,0,0,2,"1,536"
62512,446,238,208,41.5,443,3,7,0,0,0,5,441
62513,"1,767",798,969,35.4,"1,752",15,66,13,0,0,10,"1,757"
62514,181,65,116,34.8,181,0,0,0,0,0,0,181
62515,"1,010",530,480,47.2,971,13,2,13,0,26,28,982
62517,199,93,106,39.5,196,0,0,3,0,0,6,193
62518,176,83,93,56.8,176,0,0,0,0,0,0,176
62519,61,29,32,58.7,61,0,0,0,0,0,0,61
62520,"1,637",781,856,46.2,"1,609",16,0,0,0,25,25,"1,612"
62521,"35,529","17,238","18,291",42.6,"29,002","6,733",706,417,8,254,879,"34,650"
62522,"15,261","7,275","7,986",38.5,"11,821","3,663",508,81,0,79,385,"14,876"
62523,"1,439",906,533,29.8,794,818,0,7,0,17,42,"1,397"
62526,"32,303","14,666","17,637",41.4,"25,981","6,747","1,020",575,35,286,865,"31,438"
62530,"1,458",671,787,45,"1,449",0,3,9,0,0,14,"1,444"
62531,"1,764",926,838,43.8,"1,746",18,0,0,0,3,18,"1,746"
62532,110,32,78,61.3,110,0,0,0,0,0,0,110
62533,778,374,404,48.3,774,4,0,2,0,5,13,765
62534,"1,389",774,615,44.9,"1,389",0,0,0,0,0,6,"1,383"
62535,"3,003","1,457","1,546",44.8,"2,603",36,26,362,0,53,86,"2,917"
62536,749,417,332,50.9,726,0,23,0,0,0,13,736
62537,76,35,41,50.5,76,0,0,0,0,0,0,76
62538,359,150,209,44.8,356,0,6,0,0,10,10,349
62539,"1,297",626,671,43,"1,297",0,30,5,0,0,30,"1,267"
62540,"1,567",786,781,40.9,"1,565",3,2,0,0,0,64,"1,503"
62541,37,14,23,55.6,37,0,9,0,0,0,0,37
62543,531,272,259,40.8,515,2,30,0,0,0,17,514
62544,"1,597",810,787,47.7,"1,577",23,47,0,0,13,6,"1,591"
62545,"1,169",590,579,43.5,"1,166",12,0,0,0,0,13,"1,156"
62546,"1,624",794,830,40.7,"1,617",15,7,0,7,0,47,"1,577"
62547,926,482,444,40.9,921,15,0,0,0,0,0,926
62548,"2,514","1,178","1,336",42.4,"2,514",1,113,0,0,0,7,"2,507"
62549,"6,264","3,075","3,189",41,"5,959",228,399,116,0,0,0,"6,264"
62550,"2,778","1,310","1,468",44.1,"2,745",40,4,7,0,13,19,"2,759"
62551,575,312,263,49.5,571,6,0,0,0,0,0,575
62553,515,262,253,55.8,515,4,4,0,0,0,2,513
62554,"1,311",692,619,45.1,"1,247",12,87,50,4,12,21,"1,290"
62555,423,206,217,50.2,423,2,0,0,0,0,3,420
62556,326,151,175,53.2,326,0,0,0,0,0,0,326
62557,"7,118","3,635","3,483",43.2,"6,947",97,21,102,0,0,21,"7,097"
62558,"3,347","1,687","1,660",39.2,"3,333",45,7,2,0,5,8,"3,339"
62560,"1,196",487,709,42.8,"1,184",13,4,12,0,0,0,"1,196"
62561,"5,350","2,511","2,839",39.4,"5,289",53,52,29,0,0,18,"5,332"
62563,"5,689","2,886","2,803",43.5,"5,459",135,6,57,15,57,77,"5,612"
62565,"7,024","3,226","3,798",48.6,"6,820",185,20,0,0,0,91,"6,933"
62567,"1,035",524,511,39.8,"1,030",0,0,11,0,0,15,"1,020"
62568,"15,787","8,055","7,732",44.1,"15,267",485,88,95,61,5,337,"15,450"
62570,514,275,239,40.3,514,0,0,0,0,0,10,504
62571,"1,659",846,813,44.7,"1,659",0,40,0,0,0,0,"1,659"
62572,516,222,294,44.8,495,15,0,6,0,0,0,516
62573,"1,912",900,"1,012",37.6,"1,899",37,62,0,0,0,32,"1,880"
62601,353,184,169,52.1,349,4,0,0,0,0,0,353
62610,125,66,59,46.5,125,0,0,0,0,0,0,125
62611,"1,115",580,535,44.5,"1,090",0,0,0,1,24,38,"1,077"
62612,"1,799",875,924,48,"1,784",12,5,2,0,7,17,"1,782"
62613,"3,886","1,903","1,983",39.3,"3,819",67,34,59,0,3,32,"3,854"
62615,"5,712","2,888","2,824",38,"5,516",191,13,29,0,0,117,"5,595"
62617,669,319,350,46.4,665,0,0,13,0,0,0,669
62618,"7,398","3,773","3,625",37.3,"6,377",605,19,13,47,428,"2,227","5,171"
62621,"1,195",594,601,41.5,"1,191",0,0,2,0,2,11,"1,184"
62622,71,30,41,43.5,71,0,0,0,0,0,0,71
62624,463,225,238,50.9,463,0,0,0,0,0,0,463
62625,822,419,403,55.9,822,4,8,2,0,2,2,820
62626,"7,710","3,792","3,918",37.8,"7,377",295,179,50,0,25,178,"7,532"
62627,"1,029",519,510,40.1,"1,003",0,14,34,0,14,26,"1,003"
62628,766,400,366,39.6,766,0,0,0,0,0,11,755
62629,"13,736","6,595","7,141",35.8,"13,330",219,9,368,0,56,259,"13,477"
62630,365,207,158,43.5,364,1,0,0,0,0,7,358
62631,273,162,111,48.3,271,0,0,0,0,2,2,271
62633,566,278,288,52.1,549,0,0,2,0,48,50,516
62634,775,394,381,43.1,765,2,3,16,4,0,7,768
62635,705,370,335,41.7,702,3,12,0,0,0,51,654
62638,"1,364",728,636,40.4,"1,361",0,0,3,0,0,0,"1,364"
62639,291,149,142,64.7,291,0,0,0,0,0,0,291
62640,"3,583","1,666","1,917",46.1,"3,555",24,54,25,0,0,7,"3,576"
62642,"1,479",779,700,39,"1,471",6,2,0,0,0,40,"1,439"
62643,561,304,257,39.1,561,2,19,0,0,0,17,544
62644,"4,946","2,442","2,504",45.5,"4,910",18,47,16,0,0,20,"4,926"
62649,604,271,333,32.4,604,0,2,0,0,0,0,604
62650,"26,749","13,481","13,268",40.2,"24,016","2,761",163,282,20,111,840,"25,909"
62655,460,251,209,50,453,6,12,0,0,0,0,460
62656,"19,535","9,332","10,203",39.8,"17,130","1,994",428,270,0,347,760,"18,775"
62661,"1,537",782,755,38.8,"1,517",10,5,15,0,0,57,"1,480"
62663,259,131,128,49.3,259,4,1,0,0,0,0,259
62664,"3,061","1,532","1,529",44.5,"2,960",71,13,9,0,21,21,"3,040"
62665,"1,359",639,720,47.7,"1,337",3,3,12,10,12,2,"1,357"
62666,613,314,299,43.1,611,0,29,2,0,0,3,610
62667,445,209,236,49.9,437,8,0,0,0,2,2,443
62668,"1,251",585,666,52.3,"1,231",0,5,15,0,0,3,"1,248"
62670,"2,883","1,440","1,443",37.8,"2,856",34,9,6,0,0,11,"2,872"
62671,487,216,271,39.8,480,0,21,1,0,4,6,481
62672,204,105,99,53.8,200,1,3,0,0,0,0,204
62673,466,228,238,30,466,0,0,0,0,0,0,466
62674,"1,398",691,707,50.6,"1,394",14,16,0,0,0,15,"1,383"
62675,"5,869","2,806","3,063",48.6,"5,758",44,48,40,38,6,68,"5,801"
62677,"2,269","1,121","1,148",48.5,"2,236",23,0,15,0,2,48,"2,221"
62681,"5,552","2,975","2,577",43.7,"5,027",546,78,11,0,0,28,"5,524"
62682,986,494,492,45.8,978,47,13,0,0,0,32,954
62684,"5,861","2,801","3,060",43.8,"5,861",41,0,0,0,0,186,"5,675"
62685,"2,416","1,309","1,107",43.1,"2,311",97,75,3,0,2,35,"2,381"
62688,602,301,301,44.3,602,3,0,0,0,0,9,593
62689,503,243,260,35.6,503,0,5,14,0,0,0,503
62690,"3,991","1,967","2,024",39.8,"3,977",8,8,6,0,18,25,"3,966"
62691,"1,978",943,"1,035",45.7,"1,919",14,0,45,0,12,66,"1,912"
62692,"2,122",963,"1,159",37.3,"2,096",23,0,18,0,3,2,"2,120"
62693,"1,510",770,740,38.6,"1,503",0,8,0,0,9,8,"1,502"
62694,"3,038","1,477","1,561",47.7,"3,012",25,25,0,0,3,7,"3,031"
62695,216,118,98,47,216,9,0,0,0,0,0,216
62701,"1,206",797,409,35.9,752,325,39,90,26,10,26,"1,180"
62702,"34,051","16,519","17,532",40.1,"27,143","6,848",452,748,57,203,544,"33,507"
62703,"30,910","13,883","17,027",34.3,"19,053","11,746",517,524,36,498,"1,245","29,665"
62704,"40,828","19,724","21,104",38.7,"32,397","7,324",150,"1,455",6,462,"1,129","39,699"
62707,"6,924","3,344","3,580",47.6,"6,623",289,116,111,8,19,58,"6,866"
62711,"16,752","7,822","8,930",48.7,"15,352",634,136,"1,000",0,118,503,"16,249"
62712,"10,243","4,937","5,306",41.9,"9,432",398,81,524,11,0,66,"10,177"
62801,"21,444","11,258","10,186",41.8,"18,988","2,720",99,192,0,226,861,"20,583"
62803,"1,078",537,541,32.7,"1,036",57,0,19,5,7,31,"1,047"
62806,"3,351","1,641","1,710",43.4,"3,262",45,34,25,14,14,67,"3,284"
62807,702,374,328,40.7,701,0,1,3,0,0,0,702
62808,"1,438",803,635,38.3,"1,386",0,0,0,0,55,50,"1,388"
62809,144,74,70,42.3,144,0,0,0,0,0,0,144
62810,834,410,424,36.4,832,0,12,0,0,0,2,832
62811,227,127,100,44.3,227,0,1,0,0,0,0,227
62812,"10,905","5,329","5,576",43.7,"10,594",132,26,191,21,41,253,"10,652"
62814,"1,945",936,"1,009",39.2,"1,931",34,12,0,3,6,11,"1,934"
62815,287,138,149,47.4,287,10,0,0,0,0,0,287
62816,"1,198",593,605,46.1,"1,194",12,8,2,0,1,15,"1,183"
62817,459,192,267,56.3,459,0,0,0,0,0,0,459
62818,263,130,133,53.4,263,0,2,0,0,0,0,263
62819,408,215,193,46.1,408,0,11,0,0,0,3,405
62820,152,81,71,40.7,152,0,1,0,0,0,0,152
62821,"7,175","3,564","3,611",47.1,"7,066",101,19,40,6,0,115,"7,060"
62822,"3,091","1,446","1,645",35.5,"3,060",20,9,19,0,0,62,"3,029"
62823,"1,700",789,911,49.3,"1,688",8,7,0,0,10,14,"1,686"
62824,"1,711",860,851,37.4,"1,711",0,6,0,0,0,0,"1,711"
62825,203,112,91,36.8,203,0,0,0,0,0,0,203
62827,"1,175",534,641,48.4,"1,153",10,4,9,4,2,8,"1,167"
62828,"1,334",589,745,41.8,"1,334",0,0,0,0,0,54,"1,280"
62829,0,0,0,-,0,0,0,0,0,0,0,0
62830,"1,245",661,584,45.6,"1,227",13,5,43,0,12,14,"1,231"
62831,412,205,207,52.1,401,11,2,14,0,0,2,410
62832,"8,848","4,398","4,450",41.9,"8,371",418,57,50,2,116,213,"8,635"
62833,371,202,169,39.7,371,0,0,0,0,0,0,371
62835,993,472,521,41.5,980,13,2,0,0,0,2,991
62836,800,423,377,35.7,778,7,5,1,0,17,24,776
62837,"8,960","4,432","4,528",44.4,"8,687",288,25,60,0,3,47,"8,913"
62838,"1,816",855,961,38.6,"1,812",0,38,0,0,0,63,"1,753"
62839,"6,397","2,922","3,475",42.2,"6,241",25,56,118,115,0,24,"6,373"
62841,131,73,58,32.9,131,0,0,0,0,0,0,131
62842,721,349,372,43.9,688,19,12,14,0,0,0,721
62843,123,65,58,46.3,123,0,0,0,0,0,0,123
62844,"2,186","1,088","1,098",36.9,"2,174",30,3,9,0,1,22,"2,164"
62846,"2,704","2,420",284,38.7,"1,834",878,11,5,0,7,272,"2,432"
62848,716,335,381,36.4,691,7,20,0,0,0,4,712
62849,"2,100","1,044","1,056",42.8,"2,056",13,24,17,0,0,11,"2,089"
62850,359,185,174,32.8,349,0,12,0,0,0,0,359
62851,162,90,72,39.8,162,0,0,0,0,0,0,162
62852,61,28,33,63.2,60,0,2,0,0,0,0,61
62853,987,539,448,40.8,970,0,0,11,0,6,13,974
62854,"1,716",858,858,40.4,"1,702",0,16,0,0,0,22,"1,694"
62856,391,180,211,44,391,6,8,0,0,0,10,381
62858,"2,790","1,494","1,296",45.3,"2,745",37,4,12,0,0,91,"2,699"
62859,"5,829","2,925","2,904",44.3,"5,651",31,23,49,0,75,144,"5,685"
62860,546,300,246,44.8,546,3,0,0,0,0,0,546
62861,165,96,69,41.3,165,0,0,0,0,0,0,165
62862,330,150,180,49.4,328,0,2,0,0,0,1,329
62863,"9,824","4,799","5,025",44.2,"9,552",126,59,191,0,52,230,"9,594"
62864,"23,586","11,247","12,339",41.7,"20,689","2,876",192,423,10,85,564,"23,022"
62865,"1,977","1,010",967,48.4,"1,957",3,28,0,4,0,18,"1,959"
62867,506,229,277,45.8,489,27,0,0,0,12,8,498
62868,"1,735",918,817,38.3,"1,710",23,7,5,0,15,17,"1,718"
62869,"2,690","1,356","1,334",35.9,"2,683",37,0,2,0,0,50,"2,640"
62870,"2,090","1,034","1,056",45.3,"2,045",66,33,0,0,6,31,"2,059"
62871,579,293,286,50.6,579,0,3,0,0,0,0,579
62872,"1,067",518,549,39.3,"1,058",0,0,4,0,5,11,"1,056"
62874,415,237,178,49.4,408,0,0,4,0,3,16,399
62875,"1,253",667,586,45.2,"1,221",20,3,4,0,14,29,"1,224"
62876,159,74,85,47.8,154,0,0,0,0,5,5,154
62877,575,295,280,53.2,570,33,4,0,0,0,0,575
62878,443,182,261,33.8,435,8,0,0,0,0,0,443
62879,117,70,47,38.8,113,0,0,0,0,4,4,113
62880,706,382,324,32.4,690,0,3,13,0,0,0,706
62881,"10,842","5,346","5,496",41.3,"10,563",198,71,86,17,67,145,"10,697"
62882,"2,387","1,209","1,178",38.6,"2,339",51,32,4,0,13,41,"2,346"
62883,899,488,411,41.4,899,0,0,0,0,0,0,899
62884,"2,716","1,368","1,348",46.2,"2,623",24,31,0,0,44,75,"2,641"
62885,722,349,373,44.6,702,11,0,9,0,9,9,713
62886,280,136,144,35.6,280,0,0,0,0,0,0,280
62887,459,260,199,27.4,459,0,1,0,0,0,0,459
62888,"1,984",971,"1,013",47,"1,982",1,21,10,0,1,5,"1,979"
62889,938,468,470,44.8,928,5,5,0,0,0,0,938
62890,"2,789","1,449","1,340",39.2,"2,743",0,50,0,0,11,11,"2,778"
62891,653,314,339,38.8,653,0,15,0,0,0,25,628
62892,374,166,208,40.5,374,0,0,0,0,0,2,372
62893,992,465,527,45.4,992,7,10,0,0,0,0,992
62894,"1,061",533,528,39.9,"1,055",2,2,18,0,0,0,"1,061"
62895,"2,028","1,024","1,004",43.1,"2,013",0,30,0,9,0,12,"2,016"
62896,"12,167","5,850","6,317",43,"11,939",168,146,73,0,0,103,"12,064"
62897,362,201,161,51.8,362,6,0,0,0,0,0,362
62898,"2,285","1,107","1,178",36.9,"2,237",32,39,44,0,12,36,"2,249"
62899,"1,900","1,029",871,33,"1,842",55,19,19,0,0,14,"1,886"
62901,"26,217","13,349","12,868",25.2,"17,818","6,972",322,"1,552",23,412,"1,458","24,759"
62902,"4,568","2,257","2,311",35.8,"3,956",545,76,238,0,44,159,"4,409"
62903,"3,211","1,604","1,607",23.7,"2,471",447,44,352,0,182,300,"2,911"
62905,505,239,266,50.3,433,0,0,29,0,43,84,421
62906,"6,585","3,376","3,209",46.8,"6,288",179,116,52,0,114,240,"6,345"
62907,"1,995",954,"1,041",42.3,"1,820",0,35,166,0,0,23,"1,972"
62908,496,252,244,45,482,0,10,4,0,0,8,488
62910,"2,365","1,123","1,242",46.8,"2,064",336,9,2,0,0,93,"2,272"
62912,"1,338",597,741,34.3,"1,325",10,8,2,0,0,11,"1,327"
62914,"2,738","1,257","1,481",35.9,892,"1,873",38,0,21,48,50,"2,688"
62915,425,233,192,38.1,397,0,0,25,0,3,38,387
62916,993,518,475,40.9,993,0,17,0,0,0,0,993
62917,"2,275","1,065","1,210",46.5,"1,996",283,4,39,0,29,63,"2,212"
62918,"10,155","4,727","5,428",35.7,"9,414",550,40,171,27,217,485,"9,670"
62919,"1,052",556,496,42.2,965,78,0,10,0,36,45,"1,007"
62920,"3,354","1,692","1,662",45.1,"3,142",113,25,39,0,248,477,"2,877"
62921,394,175,219,37.2,206,216,0,0,0,0,34,360
62922,"2,532","1,324","1,208",49.6,"2,526",3,0,37,0,0,0,"2,532"
62923,481,200,281,34.8,460,44,1,0,0,0,0,481
62924,"2,948","1,457","1,491",40.8,"2,875",87,48,27,6,19,179,"2,769"
62926,"2,402","1,213","1,189",33.6,"2,356",41,6,14,0,4,4,"2,398"
62927,383,194,189,33.5,383,4,4,0,0,0,0,383
62928,183,100,83,57.8,183,0,0,0,0,0,0,183
62930,"6,074","3,089","2,985",41.7,"5,894",121,130,0,0,59,164,"5,910"
62931,"1,445",725,720,48.8,"1,432",8,13,0,0,0,24,"1,421"
62932,"1,498",682,816,40.9,"1,430",28,9,4,0,56,65,"1,433"
62933,"1,385",524,861,54.5,"1,341",31,13,0,0,16,30,"1,355"
62934,902,420,482,48,880,0,0,22,0,0,0,902
62935,"1,799",984,815,45.4,"1,782",12,4,14,10,8,19,"1,780"
62938,"3,027","1,630","1,397",53.9,"2,769",235,0,23,0,34,79,"2,948"
62939,"3,111","1,390","1,721",46.9,"3,111",0,0,0,0,0,34,"3,077"
62940,340,165,175,38,334,0,1,0,0,34,37,303
62941,895,419,476,40.6,870,42,0,13,0,2,38,857
62942,558,293,265,55.6,558,0,2,0,0,0,0,558
62943,360,188,172,55.5,360,0,0,0,0,0,0,360
62946,"12,662","6,116","6,546",43.7,"12,019",752,123,157,58,16,161,"12,501"
62947,449,266,183,53.5,446,0,0,3,0,0,0,449
62948,"13,183","6,281","6,902",40.3,"12,335",342,142,461,20,131,257,"12,926"
62949,833,436,397,42.4,821,53,0,2,0,0,7,826
62950,204,118,86,35.9,204,0,0,0,0,0,0,204
62951,"4,535","2,278","2,257",44.4,"4,480",2,24,29,0,0,70,"4,465"
62952,"3,141","1,495","1,646",47.4,"3,104",59,3,8,0,0,71,"3,070"
62953,313,164,149,40.3,290,33,1,0,0,0,0,313
62954,475,205,270,44.4,474,0,0,0,0,1,18,457
62956,911,424,487,31.3,884,16,3,0,0,11,11,900
62957,931,494,437,40.7,895,42,0,0,0,0,0,931
62958,"2,146","1,128","1,018",46.9,"1,971",99,68,107,7,0,49,"2,097"
62959,"28,201","14,573","13,628",41.6,"25,919","2,424",215,255,24,195,697,"27,504"
62960,"10,959","5,087","5,872",43.4,"10,353",730,56,106,0,44,311,"10,648"
62961,51,20,31,44.6,51,0,0,0,0,0,0,51
62962,9,5,4,-,9,0,0,0,0,0,0,9
62963,653,318,335,40.8,303,351,0,4,0,0,38,615
62964,"1,291",681,610,48,506,769,7,21,0,2,23,"1,268"
62965,88,32,56,40.5,88,0,0,0,0,0,14,74
62966,"15,260","7,253","8,007",41.5,"13,577","1,607",94,167,0,244,387,"14,873"
62967,237,116,121,51.1,237,0,3,0,0,0,9,228
62969,398,153,245,45,398,0,0,0,0,0,0,398
62970,819,427,392,38.9,754,54,17,0,0,14,7,812
62972,"1,039",474,565,47,"1,027",0,0,12,0,0,0,"1,039"
62974,"1,626",880,746,40.9,"1,620",3,2,4,0,0,0,"1,626"
62975,325,202,123,36.9,325,0,0,0,0,0,0,325
62976,361,141,220,51.2,194,212,0,0,0,0,5,356
62977,744,355,389,29.8,743,0,9,10,0,0,9,735
62979,"1,134",563,571,43.5,"1,134",24,24,23,0,0,14,"1,120"
62982,960,396,564,42,960,0,0,0,0,0,0,960
62983,"1,411",715,696,44.8,"1,354",57,0,0,0,0,23,"1,388"
62984,"1,643",782,861,40.6,"1,597",26,39,0,0,14,35,"1,608"
62985,712,351,361,52.1,687,0,0,28,0,0,9,703
62987,"1,424",757,667,40.7,"1,401",81,11,0,0,0,0,"1,424"
62988,"1,570",769,801,50.1,"1,257",330,13,0,0,19,23,"1,547"
62990,810,395,415,43.3,694,109,2,6,0,1,0,810
62992,690,363,327,42.7,472,225,0,0,0,0,2,688
62994,625,312,313,43.3,624,0,15,0,0,0,4,621
62995,"5,928","4,005","1,923",39.4,"4,419","1,483",6,27,0,14,332,"5,596"
62996,464,205,259,51.3,387,123,35,0,0,0,0,464
62997,598,314,284,33.5,591,0,0,7,0,0,0,598
62998,323,167,156,35.9,323,0,0,0,0,0,0,323
62999,"1,794",915,879,32.8,"1,786",6,29,7,0,29,34,"1,760"
63673,"1,615",778,837,51.4,"1,587",13,0,15,0,0,3,"1,612"